序号,交易对,卖量暴涨倍数,当日买量倍数,当日卖量倍数,买卖量比值,信号时未平仓量,建仓时未平仓量,未平仓量比率,买量加速度,信号时间,信号价,建仓日期,建仓具体时间,建仓后持仓数,平仓后持仓数,建仓5分钟时刻,建仓时多空比,建仓价,建仓涨幅%,平仓日期,平仓具体时间,平仓价,持仓小时数,盈亏百分比,建仓手续费,补仓手续费,平仓手续费,交易手续费合计,资金费,资金费次数,平均费率%,盈亏金额,扣交易费后,最终净盈亏,真实盈亏金额,余额,连续爆,2小时判断,12小时判断,平仓原因,基差%,杠杆倍数,仓位金额,是否有补仓,补仓价格,补仓后平均价,2h收盘价,2h涨幅%,2h最大跌幅%,12h收盘价,12h涨幅%,12h最大跌幅%,24h收盘价,24小时涨幅%,24h最大跌幅%,72h最大跌幅%,最大跌幅%,2小时最大涨幅%,24小时最大涨幅%,止盈阈值%,建仓时账户多空比,信号时账户多空比,多空比变化率,当前5m时间,当前5m收盘价,当前浮盈金额,当前浮盈百分比
1,WAXPUSDT,161.1,473.2,297.6,1.590,"$847,568","$1,512,366",0.560,0.0000,2026-03-20 00:00,0.007038,2026-03-20,2026-03-20 01:00:00,1,0,2026-03-20 01:00:00,1.74,0.007120,1.17%,2026-03-20,2026-03-20 03:00:00,0.007317,2.0,-2.77%,1.9000,,1.9526,3.8526,0.0000,,,-262.85,-266.70,-266.70,-266.70,9733.30,是,中（推断20%）,中（保持20%）,early_stop_loss,数据缺失,5.0,1900.00,否,,,0.007255,1.90%,1.63%,0.007901,10.97%,1.63%,0.007594,,1.63%,6.94%,1.63%,7.71%,,,1.7435,2.6298,0.6630,,,,
2,ZETAUSDT,65.8,41.6,96.2,0.432,"$891,659","$1,144,429",0.779,0.0000,2026-03-20 01:00,0.054700,2026-03-20,2026-03-20 02:00:00,2,0,2026-03-20 02:00:00,1.77,0.053900,-1.46%,2026-03-20,2026-03-20 04:00:00,0.056460,2.0,-4.75%,1.8493,,1.9372,3.7865,0.0000,,,-439.17,-442.96,-442.96,-442.96,9290.34,是,中（推断20%）,中（保持20%）,early_stop_loss,数据缺失,5.0,1849.33,否,,,0.056780,5.34%,1.24%,0.059110,9.67%,1.24%,0.055040,,1.24%,3.60%,1.24%,7.44%,,,1.7732,1.9525,0.9082,,,,
3,PHAUSDT,38.1,13.6,15.8,0.861,"$2,588,824","$4,629,884",0.559,0.0000,2026-03-20 02:00,0.041930,2026-03-20,2026-03-20 03:00:00,2,0,2026-03-20 03:00:00,0.57,0.041680,-0.60%,2026-03-20,2026-03-20 16:25:00,0.037512,13.42,10.00%,1.7652,,1.5886,3.3538,0.0000,,,882.58,879.23,879.23,879.23,10169.57,否,中（改成20%）,弱（12%）,take_profit,数据缺失,5.0,1765.16,否,,,0.041760,0.19%,2.86%,0.039700,-4.75%,10.22%,0.039050,,10.46%,12.86%,10.46%,4.56%,,10.0%,0.5684,0.5736,0.9909,,,,
4,GTCUSDT,39.8,152.5,438.4,0.348,"$1,183,035","$1,437,662",0.823,0.0000,2026-03-20 03:00,0.090000,2026-03-20,2026-03-20 04:00:00,2,0,2026-03-20 04:00:00,2.98,0.088000,-2.22%,2026-03-21,2026-03-21 23:50:00,0.078320,43.83,11.00%,1.9322,,1.7197,3.6519,0.0000,,,1062.72,1059.07,1059.07,1059.07,11228.63,是,中（改成20%）,弱（12%）,take_profit,数据缺失,5.0,1932.22,否,,,0.084000,-4.55%,6.82%,0.085000,-3.41%,6.82%,0.082000,-6.82%,6.82%,11.36%,11.36%,10.23%,,11.0%,2.9825,3.4267,0.8704,,,,
5,PLAYUSDT,45.4,92.9,111.6,0.832,"$1,948,588","$2,086,941",0.934,0.0000,2026-03-20 09:00,0.037550,2026-03-20,2026-03-20 10:00:00,3,2,2026-03-20 10:00:00,0.97,0.036760,-2.10%,2026-03-20,2026-03-20 10:30:00,0.032349,0.5,12.00%,1.9322,,1.7004,3.6326,0.0000,,,1159.33,1155.70,1155.70,1155.70,12384.33,否,强（2h内默认）,强（保持30%）,take_profit,数据缺失,5.0,1932.22,否,,,0.031170,-15.21%,19.56%,0.036620,-0.38%,19.56%,0.037840,,19.56%,19.56%,19.56%,4.68%,,,0.9720,1.0259,0.9475,,,,
6,WAXPUSDT,226.4,1.5,1.5,1.027,"$7,107,181","$7,328,294",0.970,0.0000,2026-03-20 23:00,0.008028,2026-03-21,2026-03-21 00:00:00,2,3,2026-03-21 00:00:00,0.98,0.007935,-1.16%,2026-03-22,2026-03-22 00:50:00,0.007062,24.83,11.00%,2.3530,,2.0942,4.4472,0.0000,,,1294.16,1289.72,1289.72,1289.72,13674.05,是,中（改成20%）,弱（12%）,take_profit,-2.1023%,5.0,2353.02,否,,,0.007641,-3.71%,6.58%,0.007454,-6.06%,7.59%,0.007225,-8.95%,10.51%,16.50%,11.59%,2.26%,,11.0%,0.9767,0.9829,0.9937,,,,
7,FLUIDUSDT,72.8,69.4,140.4,0.494,"$1,253,836","$1,369,197",0.916,0.0000,2026-03-21 00:00,2.331000,2026-03-21,2026-03-21 01:00:00,3,2,2026-03-21 01:00:00,1.70,2.342000,0.47%,2026-03-22,2026-03-22 11:45:00,2.107800,34.75,10.00%,2.3530,,2.1177,4.4707,0.0000,,,1176.51,1172.04,1172.04,1172.04,14846.09,否,中（改成20%）,弱（12%）,take_profit,-0.1084%,5.0,2353.02,否,,,2.337000,-0.21%,2.01%,2.357000,0.64%,2.01%,2.260000,-3.50%,4.91%,23.31%,11.53%,0.17%,,10.0%,1.7049,1.9044,0.8952,,,,
8,RDNTUSDT,126.0,73.3,60.1,1.221,"$867,545","$2,068,958",0.419,0.0000,2026-03-21 07:00,0.005134,2026-03-21,2026-03-21 08:00:00,4,3,2026-03-21 08:00:00,1.23,0.005183,0.95%,2026-03-21,2026-03-21 15:25:00,0.005857,7.42,-13.00%,2.3530,,2.6589,5.0119,0.0000,,,-1529.46,-1534.48,-1534.48,-1534.48,13311.61,是,中（改成20%）,中（保持20%）,stop_loss,-1.8020%,5.0,2353.02,否,,,0.005357,3.36%,6.29%,0.006454,24.52%,6.29%,0.005209,,6.29%,6.29%,6.29%,5.15%,,,1.2267,1.9002,0.6456,,,,
9,ORDERUSDT,122.8,17.2,13.7,1.250,"$969,915","$1,274,515",0.761,0.0000,2026-03-21 10:00,0.054800,2026-03-21,2026-03-21 11:00:00,5,2,2026-03-21 11:00:00,2.18,0.055080,0.51%,2026-03-22,2026-03-22 06:20:00,0.062240,19.33,-13.00%,2.0615,,2.3295,4.3909,0.0000,,,-1339.96,-1344.35,-1344.35,-1344.35,11967.26,否,中（改成20%）,弱（12%）,stop_loss,0.0000%,5.0,2061.47,否,,,0.055220,0.25%,0.64%,0.055890,1.47%,0.64%,0.059790,,2.89%,2.89%,2.89%,1.33%,,,2.1827,2.0760,1.0514,,,,
10,BRUSDT,32.9,448.5,256.8,1.746,"$2,125,461","$2,319,086",0.917,0.0000,2026-03-21 15:00,0.068770,2026-03-21,2026-03-21 16:00:00,5,1,2026-03-21 16:00:00,0.73,0.068260,-0.74%,2026-03-22,2026-03-22 09:20:00,0.077134,17.33,-13.00%,2.0615,,2.3295,4.3909,0.0000,,,-1339.96,-1344.35,-1344.35,-1344.35,10622.91,否,中（改成20%）,弱（12%）,stop_loss,0.1949%,5.0,2061.47,否,,,0.068390,0.19%,0.64%,0.067290,-1.42%,2.36%,0.127890,,2.43%,2.43%,2.43%,2.49%,,,0.7262,0.8450,0.8594,,,,
11,BOBUSDT,101.2,12.0,9.7,1.240,"$1,216,542","$1,375,870",0.884,0.0000,2026-03-21 23:00,0.006037,2026-03-22,2026-03-22 00:00:00,5,3,2026-03-22 00:00:00,1.92,0.005968,-1.14%,2026-03-24,2026-03-24 23:55:00,0.005639,71.92,5.51%,2.0184,,1.9071,3.9254,0.0000,,,556.33,552.41,552.41,552.41,11175.32,是,中（改成20%）,弱（12%）,max_hold_time,-1.1499%,5.0,2018.35,否,,,0.005940,-0.47%,1.86%,0.005676,-4.89%,5.95%,0.005567,-6.72%,7.66%,9.50%,9.50%,5.70%,,,1.9206,2.1576,0.8902,,,,
12,IMXUSDT,62.9,14.9,8.5,1.755,"$3,003,478","$4,161,586",0.722,0.0000,2026-03-22 00:00,0.166400,2026-03-22,2026-03-22 01:00:00,5,2,2026-03-22 01:00:00,1.39,0.161500,-2.94%,2026-03-25,2026-03-25 00:55:00,0.153500,71.92,4.95%,2.0184,,1.9184,3.9367,0.0000,,,499.90,495.97,495.97,495.97,11671.29,否,中（改成20%）,弱（12%）,max_hold_time,-0.6928%,5.0,2018.35,否,,,0.164000,1.55%,1.67%,0.160800,-0.43%,1.67%,0.153600,-4.89%,5.82%,7.80%,7.80%,3.16%,,,1.3929,1.3821,1.0078,,,,
13,BANANAS31USDT,34.5,15.2,13.4,1.137,"$30,405,672","$35,975,408",0.845,0.0000,2026-03-22 07:00,0.011935,2026-03-22,2026-03-22 08:00:00,5,3,2026-03-22 08:00:00,0.50,0.012024,0.75%,2026-03-22,2026-03-22 10:45:00,0.013587,2.75,-13.00%,2.0184,,2.2807,4.2991,0.0000,,,-1311.93,-1316.23,-1316.23,-1316.23,10355.06,是,中（推断20%）,中（保持20%）,stop_loss,0.1625%,5.0,2018.35,否,,,0.012976,7.92%,2.73%,0.013385,11.32%,2.73%,0.013513,,2.73%,2.73%,2.73%,12.28%,,,0.4995,0.4476,1.1160,,,,
14,DUSKUSDT,32.6,52.8,32.2,1.638,"$4,437,684","$5,805,878",0.764,0.0000,2026-03-22 09:00,0.091220,2026-03-22,2026-03-22 10:00:00,5,2,2026-03-22 10:00:00,0.73,0.091150,-0.08%,2026-03-22,2026-03-22 12:00:00,0.095390,2.0,-4.65%,1.7683,,1.8505,3.6188,0.0000,,,-411.27,-414.89,-414.89,-414.89,9940.17,否,中（推断20%）,中（保持20%）,early_stop_loss,-0.5333%,5.0,1768.27,否,,,0.095150,4.39%,0.55%,0.093860,2.97%,0.55%,0.095040,,0.55%,0.55%,0.55%,5.41%,,,0.7256,0.7931,0.9149,,,,
15,TREEUSDT,48.8,81.9,26.8,3.051,"$1,118,913","$1,206,389",0.927,0.0000,2026-03-22 11:00,0.063330,2026-03-22,2026-03-22 12:00:00,3,1,2026-03-22 12:00:00,2.10,0.063320,-0.02%,2026-03-25,2026-03-25 11:55:00,0.064330,71.92,-1.60%,1.6894,,1.7164,3.4058,0.0000,,,-134.74,-138.14,-138.14,-138.14,9802.02,否,中（改成20%）,弱（12%）,max_hold_time,0.0000%,5.0,1689.44,否,,,0.063620,0.47%,0.25%,0.062870,-0.71%,1.99%,0.063210,-0.17%,3.68%,3.68%,3.68%,0.98%,,,2.1008,2.0423,1.0286,,,,
16,XPTUSDT,53.9,13.8,13.9,0.987,"$2,494,735","$2,317,041",1.077,0.0000,2026-03-23 06:00,1790.100000,2026-03-23,2026-03-23 07:00:00,4,3,2026-03-23 07:00:00,1.95,1786.960000,-0.18%,2026-03-23,2026-03-23 18:55:00,1888.600000,11.92,-5.69%,1.6894,,1.7855,3.4750,0.0000,,,-480.47,-483.94,-483.94,-483.94,9318.08,否,中（改成20%）,中（保持20%）,early_stop_loss_12h,0.0000%,5.0,1689.44,否,,,1811.750000,1.39%,1.68%,1888.600000,5.69%,1.68%,1886.500000,,1.68%,1.68%,1.68%,2.24%,,,1.9507,2.0048,0.9730,,,,
17,XAUUSDT,33.3,24.2,13.2,1.836,"$375,197,024","$432,568,074",0.867,0.0000,2026-03-23 07:00,4209.860000,2026-03-23,2026-03-23 08:00:00,5,3,2026-03-23 08:00:00,5.89,4227.670000,0.42%,2026-03-23,2026-03-23 19:55:00,4401.500000,11.92,-4.11%,1.5975,,1.6632,3.2607,0.0000,,,-328.42,-331.68,-331.68,-331.68,8986.40,否,中（改成20%）,中（保持20%）,early_stop_loss_12h,0.0822%,5.0,1597.49,否,,,4259.640000,0.76%,0.47%,4401.500000,4.11%,0.47%,4419.160000,,0.47%,0.47%,0.47%,1.96%,,,5.8918,6.2046,0.9496,,,,
18,BTRUSDT,40.6,8.9,9.2,0.973,"$4,069,876","$4,049,168",1.005,0.0000,2026-03-23 18:00,0.040280,2026-03-23,2026-03-23 19:00:00,5,4,2026-03-23 19:00:00,1.77,0.039700,-1.44%,2026-03-23,2026-03-23 19:30:00,0.034936,0.5,12.00%,1.5345,,1.3503,2.8848,0.0000,,,920.68,917.80,917.80,917.80,9904.20,是,强（2h内默认）,强（保持30%）,take_profit,0.0324%,5.0,1534.47,否,,,0.037440,-5.69%,20.35%,0.042400,6.80%,20.35%,0.035610,,20.35%,20.35%,20.35%,2.29%,,,1.7739,1.7941,0.9887,,,,
19,JTOUSDT,48.0,15.1,17.5,0.863,"$7,330,049","$8,149,050",0.899,0.0000,2026-03-23 19:00,0.344600,2026-03-23,2026-03-23 20:00:00,4,2,2026-03-23 20:00:00,1.22,0.346700,0.61%,2026-03-26,2026-03-26 19:55:00,0.313200,71.92,9.66%,1.7089,,1.5437,3.2526,0.0000,,,825.59,822.34,822.34,822.34,10726.54,是,中（改成20%）,弱（12%）,max_hold_time,-1.0942%,5.0,1708.85,否,,,0.334400,-3.55%,4.38%,0.323100,-6.81%,7.53%,0.319100,-7.96%,10.82%,10.82%,10.82%,0.84%,,,1.2242,1.2129,1.0093,,,,
20,NAORISUSDT,49.1,66.9,59.8,1.119,"$8,549,413","$16,240,915",0.526,0.0000,2026-03-24 02:00,0.093400,2026-03-24,2026-03-24 03:00:00,5,4,2026-03-24 03:00:00,0.41,0.086470,-7.42%,2026-03-24,2026-03-24 03:55:00,0.076094,0.92,12.00%,1.8138,,1.5962,3.4100,0.0000,,,1088.29,1084.88,1084.88,1084.88,11811.42,是,强（2h内默认）,强（保持30%）,take_profit,0.2278%,5.0,1813.81,否,,,0.066880,-22.66%,28.44%,0.066660,-22.91%,28.44%,0.060500,,39.19%,39.19%,15.29%,12.34%,,,0.4112,0.4577,0.8984,,,,
21,IOTXUSDT,44.7,71.9,57.3,1.255,"$1,684,547","$2,205,164",0.764,0.0000,2026-03-24 07:00,0.005800,2026-03-24,2026-03-24 08:00:00,5,4,2026-03-24 08:00:00,1.89,0.005820,0.34%,2026-03-24,2026-03-24 13:45:00,0.005238,5.75,10.00%,2.0199,,1.8179,3.8379,0.0000,,,1009.97,1006.13,1006.13,1006.13,12817.55,否,中（改成20%）,中（保持20%）,take_profit,-0.2245%,5.0,2019.94,否,,,0.005440,-6.53%,7.56%,0.005360,-7.90%,10.14%,0.005310,,10.14%,15.98%,10.14%,1.37%,,10.0%,1.8927,2.3278,0.8131,,,,
22,ONTUSDT,78.6,1.4,1.4,1.033,"$14,629,290","$14,562,787",1.005,0.0000,2026-03-24 23:00,0.059700,2026-03-25,2026-03-25 00:00:00,5,4,2026-03-25 00:00:00,0.90,0.058500,-2.01%,2026-03-25,2026-03-25 00:40:00,0.066105,0.67,-13.00%,2.0199,,2.2825,4.3025,0.0000,,,-1312.96,-1317.26,-1317.26,-1317.26,11500.28,是,强（2h内默认）,强（保持30%）,stop_loss,-4.0971%,5.0,2019.94,否,,,0.065800,12.48%,0.68%,0.063700,8.89%,0.68%,0.058800,,5.13%,14.87%,0.68%,29.23%,,,0.8957,0.9095,0.9848,,,,
23,AXLUSDT,65.8,106.5,79.8,1.335,"$2,381,774","$3,047,202",0.782,0.0000,2026-03-25 00:00,0.053320,2026-03-25,2026-03-25 01:25:00,3,1,2026-03-25 01:25:00,0.87,0.052650,-1.26%,2026-03-26,2026-03-26 20:05:00,0.046859,42.67,11.00%,2.0288,,1.8056,3.8344,0.0000,,,1115.85,1112.01,1112.01,1112.01,12612.30,是,中（改成20%）,弱（12%）,take_profit,-0.6204%,5.0,2028.81,否,,,0.052600,-0.09%,1.54%,0.051290,-2.58%,3.23%,0.050000,-4.62%,5.64%,12.27%,11.02%,1.35%,,11.0%,0.8748,0.8765,,,,,
24,HIPPOUSDT,66.6,179.0,22.9,7.802,"$1,343,860","$1,912,311",0.703,0.0000,2026-03-25 03:00,0.000609,2026-03-25,2026-03-25 04:00:00,4,3,2026-03-25 04:00:00,2.79,0.000628,3.05%,2026-03-25,2026-03-25 06:10:00,0.000710,2.17,-13.00%,2.0288,,2.2926,4.3214,0.0000,,,-1318.73,-1323.05,-1323.05,-1323.05,11289.25,是,中（推断20%）,中（保持20%）,stop_loss,0.0000%,5.0,2028.81,否,,,0.000669,6.53%,7.64%,0.000636,1.21%,15.61%,0.000607,,15.61%,19.76%,15.61%,6.69%,,,2.7879,3.8008,0.7335,,,,
25,PUMPBTCUSDT,46.6,109.2,98.1,1.113,"$713,945","$828,940",0.861,0.0000,2026-03-25 03:00,0.015900,2026-03-25,2026-03-25 04:00:00,5,2,2026-03-25 04:00:00,3.30,0.015790,-0.69%,2026-03-25,2026-03-25 15:55:00,0.016860,11.92,-6.78%,1.7774,,1.8979,3.6753,0.0000,,,-602.23,-605.91,-605.91,-605.91,10683.34,否,中（改成20%）,中（保持20%）,early_stop_loss_12h,0.0000%,5.0,1777.43,否,,,0.015910,0.76%,3.29%,0.016860,6.78%,3.29%,0.016420,,3.29%,7.16%,3.29%,3.86%,,,3.2974,4.1493,0.7947,,,,
26,SONICUSDT,62.3,4.7,7.7,0.611,"$1,526,079","$1,639,508",0.931,0.0000,2026-03-25 06:00,0.042230,2026-03-25,2026-03-25 07:00:00,5,3,2026-03-25 07:00:00,2.77,0.042290,0.14%,2026-03-28,2026-03-28 01:35:00,0.038061,66.58,10.00%,1.6623,,1.4961,3.1584,0.0000,,,831.15,828.00,828.00,828.00,11511.34,否,中（改成20%）,弱（12%）,take_profit,-0.0848%,5.0,1662.31,否,,,0.042460,0.40%,1.06%,0.042270,-0.05%,2.10%,0.040570,-4.07%,4.30%,10.36%,10.33%,0.85%,,10.0%,2.7693,2.5829,1.0722,,,,
27,HIVEUSDT,86.4,240.4,247.1,0.973,"$886,488","$956,673",0.927,0.0000,2026-03-26 00:00,0.065190,2026-03-26,2026-03-26 01:00:00,4,3,2026-03-26 01:00:00,1.84,0.065470,0.43%,2026-03-27,2026-03-27 04:05:00,0.058923,27.08,10.00%,2.0298,,1.8269,3.8567,0.0000,,,1014.92,1011.06,1011.06,1011.06,12522.40,否,中（改成20%）,弱（12%）,take_profit,-0.9446%,5.0,2029.83,否,,,0.064860,-0.93%,2.63%,0.060510,-7.58%,8.06%,0.060030,-8.31%,9.06%,13.27%,10.00%,1.22%,,10.0%,1.8361,2.1867,0.8397,,,,
28,CARVUSDT,51.8,73.0,145.7,0.501,"$1,045,348","$1,101,671",0.949,0.0000,2026-03-26 00:00,0.057700,2026-03-26,2026-03-26 01:00:00,5,1,2026-03-26 01:00:00,1.98,0.057430,-0.47%,2026-03-29,2026-03-29 00:55:00,0.054370,71.92,5.33%,2.0298,,1.9217,3.9515,0.0000,,,540.77,536.82,536.82,536.82,13059.22,否,中（改成20%）,弱（12%）,max_hold_time,0.0000%,5.0,2029.83,否,,,0.057340,-0.16%,1.01%,0.055910,-2.65%,3.12%,0.056040,-2.42%,4.46%,7.44%,7.44%,0.57%,,,1.9753,2.0340,0.9711,,,,
29,SUPERUSDT,132.6,2.3,2.1,1.113,"$4,862,703","$5,420,722",0.897,0.0000,2026-03-26 19:00,0.121600,2026-03-26,2026-03-26 20:00:00,5,2,2026-03-26 20:00:00,1.76,0.121900,0.25%,2026-03-27,2026-03-27 17:25:00,0.108491,21.42,11.00%,2.0298,,1.8066,3.8364,0.0000,,,1116.41,1112.57,1112.57,1112.57,14171.79,是,中（改成20%）,弱（12%）,take_profit,-1.8381%,5.0,2029.83,否,,,0.122000,0.08%,1.15%,0.114300,-6.23%,6.89%,0.110000,,11.81%,13.37%,11.48%,2.63%,,11.0%,1.7640,1.6983,1.0387,,,,
30,BLUAIUSDT,35.1,2.7,3.0,0.903,"$8,585,774","$8,135,756",1.055,0.0000,2026-03-26 23:00,0.010031,2026-03-27,2026-03-27 00:00:00,5,4,2026-03-27 00:00:00,0.77,0.010109,0.78%,2026-03-27,2026-03-27 01:10:00,0.008896,1.17,12.00%,2.0298,,1.7863,3.8161,0.0000,,,1217.90,1214.08,1214.08,1214.08,15385.87,否,强（2h内默认）,强（保持30%）,take_profit,-0.1008%,5.0,2029.83,否,,,0.008569,-15.23%,16.83%,0.007908,-21.77%,23.94%,0.006874,,38.10%,51.48%,16.83%,3.46%,,12.0%,0.7724,0.7443,1.0378,,,,
31,STGUSDT,37.8,5.1,6.0,0.845,"$11,291,626","$13,972,304",0.808,0.0000,2026-03-27 03:00,0.274500,2026-03-27,2026-03-27 04:00:00,5,2,2026-03-27 04:00:00,0.66,0.270700,-1.38%,2026-03-27,2026-03-27 18:25:00,0.240923,14.42,11.00%,2.6640,,2.3710,5.0350,0.0000,,,1465.20,1460.17,1460.17,1460.17,16846.04,是,中（改成20%）,弱（12%）,take_profit,-0.4397%,5.0,2664.00,否,,,0.263100,-2.81%,5.21%,0.256600,-5.21%,6.94%,0.242000,,13.52%,15.37%,12.41%,3.36%,,11.0%,0.6586,0.8653,0.7611,,,,
32,KNCUSDT,49.8,22.5,44.0,0.511,"$3,334,119","$5,236,662",0.637,0.0000,2026-03-27 06:00,0.184900,2026-03-27,2026-03-27 07:00:00,5,4,2026-03-27 07:00:00,0.89,0.184600,-0.16%,2026-03-27,2026-03-27 10:15:00,0.164294,3.25,11.00%,2.9414,,2.6179,5.5593,0.0000,,,1617.79,1612.23,1612.23,1612.23,18458.27,是,中（改成20%）,中（保持20%）,take_profit,-0.6720%,5.0,2941.43,否,,,0.175800,-4.77%,7.31%,0.162700,-11.86%,12.95%,0.152300,,19.77%,25.19%,11.65%,3.85%,,11.0%,0.8939,1.1400,0.7841,,,,
33,LDOUSDT,37.6,15.2,23.5,0.648,"$8,429,272","$10,806,113",0.780,0.0000,2026-03-27 15:00,0.286000,2026-03-27,2026-03-27 16:00:00,5,2,2026-03-27 16:00:00,1.47,0.285800,-0.07%,2026-03-28,2026-03-28 03:55:00,0.298100,11.92,-4.30%,3.2478,,3.3875,6.6353,0.0000,,,-698.87,-705.51,-705.51,-705.51,17752.76,否,中（改成20%）,中（保持20%）,early_stop_loss_12h,-0.0501%,5.0,3247.76,否,,,0.287500,0.59%,0.94%,0.298100,4.30%,0.94%,0.307200,,0.94%,0.94%,0.94%,1.99%,,,1.4673,1.5413,0.9520,,,,
34,B3USDT,241.7,82.6,61.9,1.335,"$3,108,525","$2,832,893",1.097,0.0000,2026-03-27 17:00,0.000363,2026-03-27,2026-03-27 18:00:00,5,1,2026-03-27 18:00:00,1.74,0.000358,-1.16%,2026-03-28,2026-03-28 05:55:00,0.000378,11.92,-5.50%,3.2478,,3.4263,6.6740,0.0000,,,-892.59,-899.26,-899.26,-899.26,16853.50,是,中（改成20%）,中（保持20%）,early_stop_loss_12h,-0.5733%,5.0,3247.76,否,,,0.000367,2.29%,0.36%,0.000378,5.50%,0.36%,0.000356,,4.94%,13.45%,0.36%,6.50%,,,1.7405,1.5934,1.0923,,,,
35,QUSDT,80.7,21.2,23.8,0.892,"$4,869,122","$6,929,561",0.703,0.0000,2026-03-28 00:00,0.013825,2026-03-28,2026-03-28 01:00:00,5,4,2026-03-28 01:00:00,0.94,0.013562,-1.90%,2026-03-28,2026-03-28 01:15:00,0.011935,0.25,12.00%,3.1002,,2.7281,5.8283,0.0000,,,1860.10,1854.27,1854.27,1854.27,18707.77,是,强（2h内默认）,强（保持30%）,take_profit,0.0000%,5.0,3100.17,否,,,0.008373,-38.26%,65.89%,0.008639,-36.30%,65.89%,0.009276,,65.89%,65.89%,65.89%,3.05%,,,0.9372,1.0995,0.8524,,,,
36,OLUSDT,44.0,6.9,7.7,0.885,"$766,379","$829,253",0.924,0.0000,2026-03-28 05:00,0.012890,2026-03-28,2026-03-28 06:00:00,2,1,2026-03-28 06:00:00,2.82,0.013000,0.85%,2026-03-28,2026-03-28 09:25:00,0.011570,3.42,11.00%,3.4525,,3.0727,6.5252,0.0000,,,1898.86,1892.34,1892.34,1892.34,20600.11,否,中（改成20%）,中（保持20%）,take_profit,0.0000%,5.0,3452.48,否,,,0.012690,-2.38%,3.31%,0.011830,-9.00%,17.62%,0.011720,,17.62%,20.77%,17.62%,1.15%,,11.0%,2.8183,2.7133,1.0387,,,,
37,NOMUSDT,40.4,11.1,13.5,0.821,"$1,712,383","$3,529,140",0.485,0.0000,2026-03-28 11:00,0.002349,2026-03-28,2026-03-28 12:00:00,2,1,2026-03-28 12:00:00,1.54,0.002290,-2.51%,2026-03-28,2026-03-28 14:00:00,0.002382,2.0,-4.02%,3.8120,,3.9652,7.7772,0.0000,,,-765.73,-773.51,-773.51,-773.51,19826.60,是,中（推断20%）,中（保持20%）,early_stop_loss,-2.1719%,5.0,3812.03,否,,,0.002408,5.15%,3.80%,0.003099,35.33%,3.80%,0.002669,,3.80%,3.80%,3.80%,11.27%,,,1.5432,2.5549,0.6040,,,,
38,PTBUSDT,41.6,3.7,3.3,1.136,"$12,082,262","$7,846,608",1.540,0.0000,2026-03-28 12:00,0.001313,2026-03-28,2026-03-28 13:00:00,3,2,2026-03-28 13:00:00,2.80,0.001213,-7.62%,2026-03-28,2026-03-28 13:55:00,0.001371,0.92,-13.00%,3.6651,,4.1415,7.8066,0.0000,,,-2382.29,-2390.09,-2390.09,-2390.09,17436.51,是,强（2h内默认）,强（保持30%）,stop_loss,0.0000%,5.0,3665.06,否,,,0.001308,7.83%,6.60%,0.001249,2.97%,6.60%,0.001140,,7.67%,20.69%,6.60%,21.35%,,,2.8037,2.3047,1.2165,,,,
39,HEMIUSDT,39.3,9.2,10.6,0.865,"$1,343,719","$1,922,138",0.699,0.0000,2026-03-28 17:00,0.006367,2026-03-28,2026-03-28 18:00:00,2,4,2026-03-28 18:00:00,2.40,0.006227,-2.20%,2026-03-31,2026-03-31 17:55:00,0.005915,71.92,5.01%,3.2109,,3.0501,6.2610,0.0000,,,804.41,798.15,798.15,798.15,18234.66,是,中（改成20%）,弱（12%）,max_hold_time,-0.5243%,5.0,3210.94,否,,,0.006019,-3.34%,4.61%,0.006339,1.80%,6.52%,0.005853,-6.01%,7.61%,10.87%,10.87%,2.57%,,,2.3967,2.8595,0.8382,,,,
40,CKBUSDT,85.8,71.4,57.6,1.240,"$1,152,823","$1,294,693",0.890,0.0000,2026-03-29 00:00,0.001388,2026-03-29,2026-03-29 01:00:00,2,4,2026-03-29 01:00:00,1.74,0.001377,-0.79%,2026-04-01,2026-04-01 00:55:00,0.001392,71.92,-1.09%,3.3129,,3.3490,6.6620,0.0000,,,-180.44,-187.11,-187.11,-187.11,18047.55,否,中（改成20%）,弱（12%）,max_hold_time,-0.1311%,5.0,3312.94,否,,,0.001363,-1.02%,1.23%,0.001346,-2.25%,2.61%,0.001342,-2.54%,5.37%,5.37%,5.37%,1.09%,,,1.7435,2.0084,0.8681,,,,
41,VANAUSDT,82.8,73.8,62.3,1.185,"$1,863,431","$2,687,278",0.693,0.0000,2026-03-29 00:00,1.283000,2026-03-29,2026-03-29 01:00:00,3,3,2026-03-29 01:00:00,1.26,1.295000,0.94%,2026-04-01,2026-04-01 00:55:00,1.247000,71.92,3.71%,3.3129,,3.1901,6.5031,0.0000,,,613.98,607.48,607.48,607.48,18655.03,否,中（改成20%）,弱（12%）,max_hold_time,-1.3938%,5.0,3312.94,否,,,1.314000,1.47%,1.78%,1.234000,-4.71%,5.25%,1.219000,-5.87%,7.72%,7.72%,7.72%,2.70%,,,1.2635,1.2416,1.0176,,,,
42,NOMUSDT,41.7,2.3,2.4,0.964,"$7,739,012","$8,384,525",0.923,0.0000,2026-03-28 23:00,0.003099,2026-03-29,2026-03-29 00:00:00,3,3,2026-03-29 00:00:00,0.91,0.003140,1.32%,2026-03-29,2026-03-29 02:45:00,0.002795,2.75,11.00%,3.3129,,2.9485,6.2614,0.0000,,,1822.11,1815.85,1815.85,1815.85,20470.88,是,中（改成20%）,中（保持20%）,take_profit,-0.8843%,5.0,3312.94,否,,,0.003012,-4.08%,8.38%,0.002669,-15.00%,19.11%,0.002591,,28.47%,28.47%,13.79%,3.92%,,11.0%,0.9062,0.9298,0.9746,,,,
43,我踏马来了USDT,130.9,65.3,49.2,1.327,"$3,761,666","$4,078,473",0.922,0.0000,2026-03-29 07:00,0.007760,2026-03-29,2026-03-29 08:00:00,4,2,2026-03-29 08:00:00,2.02,0.007788,0.36%,2026-04-01,2026-04-01 07:55:00,0.007399,71.92,4.99%,3.6579,,3.4752,7.1332,0.0000,,,913.55,906.41,906.41,906.41,21377.30,否,中（改成20%）,弱（12%）,max_hold_time,0.0000%,5.0,3657.95,否,,,0.007764,-0.31%,2.14%,0.007620,-2.16%,4.67%,0.007886,1.26%,4.67%,6.74%,6.74%,2.45%,,,2.0221,2.0021,1.0100,,,,
44,SENTUSDT,37.9,11.1,17.8,0.625,"$8,194,051","$9,727,634",0.842,0.0000,2026-03-29 10:00,0.018140,2026-03-29,2026-03-29 11:00:00,5,1,2026-03-29 11:00:00,0.58,0.018130,-0.06%,2026-04-01,2026-04-01 10:55:00,0.017110,71.92,5.63%,3.6579,,3.4522,7.1101,0.0000,,,1028.99,1021.88,1021.88,1021.88,22399.17,是,中（改成20%）,弱（12%）,max_hold_time,-2.7832%,5.0,3657.95,否,,,0.017920,-1.16%,2.92%,0.018490,1.99%,2.92%,0.019040,5.02%,2.92%,6.45%,6.45%,2.04%,,,0.5850,0.5627,1.0396,,,,
45,KERNELUSDT,91.2,1.7,1.7,1.020,"$14,825,605","$14,541,048",1.020,0.0000,2026-03-31 17:00,0.110150,2026-03-31,2026-03-31 18:00:00,5,4,2026-03-31 18:00:00,0.53,0.111100,0.86%,2026-04-01,2026-04-01 00:25:00,0.098879,6.42,11.00%,3.8096,,3.3905,7.2001,0.0000,,,2095.28,2088.08,2088.08,2088.08,24487.25,是,中（改成20%）,中（保持20%）,take_profit,-0.4637%,5.0,3809.60,否,,,0.109240,-1.67%,3.13%,0.103040,-7.25%,12.06%,0.122690,,13.13%,13.13%,11.76%,3.87%,,11.0%,0.5333,0.5501,0.9695,,,,
46,MINAUSDT,40.9,50.6,105.4,0.480,"$1,750,190","$2,340,529",0.748,0.0000,2026-04-01 00:00,0.056140,2026-04-01,2026-04-01 01:00:00,3,3,2026-04-01 01:00:00,1.19,0.058210,3.69%,2026-04-04,2026-04-04 00:55:00,0.056180,71.92,3.49%,4.6526,,4.4903,9.1429,0.0000,,,811.26,802.12,802.12,802.12,25289.37,是,中（改成20%）,弱（12%）,max_hold_time,-0.8857%,5.0,4652.58,否,,,0.058690,0.82%,4.29%,0.058550,0.58%,4.29%,0.058660,0.77%,4.29%,6.03%,6.03%,1.92%,,,1.1896,1.2640,0.9411,,,,
47,BLURUSDT,75.9,716.2,899.0,0.797,"$3,090,241","$3,217,509",0.960,0.0000,2026-04-01 01:00,0.019340,2026-04-01,2026-04-01 02:00:00,4,3,2026-04-01 02:00:00,1.66,0.019460,0.62%,2026-04-01,2026-04-01 04:00:00,0.020070,2.0,-3.13%,4.6526,,4.7984,9.4510,0.0000,,,-729.21,-738.66,-738.66,-738.66,24550.71,是,中（推断20%）,中（保持20%）,early_stop_loss,-3.4733%,5.0,4652.58,否,,,0.019950,2.52%,0.98%,0.024120,23.95%,0.98%,0.021470,,0.98%,1.49%,0.98%,3.85%,,,1.6567,1.7647,0.9388,,,,
48,LQTYUSDT,92.1,149.1,209.2,0.713,"$1,032,583","$1,264,827",0.816,0.0000,2026-04-01 06:00,0.280100,2026-04-01,2026-04-01 07:00:00,4,2,2026-04-01 07:00:00,1.95,0.282900,1.00%,2026-04-04,2026-04-04 06:55:00,0.270400,71.92,4.42%,4.5122,,4.3129,8.8251,0.0000,,,996.87,988.04,988.04,988.04,25538.76,否,中（改成20%）,弱（12%）,max_hold_time,-0.3026%,5.0,4512.23,否,,,0.285500,0.92%,1.27%,0.277200,-2.01%,3.46%,0.270300,-4.45%,6.12%,6.12%,6.12%,1.38%,,,1.9507,2.1085,0.9252,,,,
49,CLOUSDT,38.7,3.4,4.6,0.743,"$3,119,289","$2,786,673",1.119,0.0000,2026-04-01 12:00,0.075560,2026-04-01,2026-04-01 13:00:00,3,2,2026-04-01 13:00:00,2.59,0.076710,1.52%,2026-04-01,2026-04-01 16:45:00,0.086682,3.75,-13.00%,4.5122,,5.0988,9.6111,0.0000,,,-2932.95,-2942.56,-2942.56,-2942.56,22596.20,否,中（改成20%）,中（保持20%）,stop_loss,0.0000%,5.0,4512.23,否,,,0.076540,-0.22%,2.84%,0.083390,8.71%,4.48%,0.088930,,4.48%,4.59%,2.84%,2.78%,,,2.5945,2.3990,1.0815,,,,
50,DODOXUSDT,120.9,41.0,38.7,1.058,"$528,738","$1,129,997",0.468,0.0000,2026-04-01 13:00,0.018129,2026-04-01,2026-04-01 14:00:00,4,3,2026-04-01 14:00:00,1.87,0.019257,6.22%,2026-04-01,2026-04-01 14:30:00,0.016946,0.5,12.00%,3.9531,,3.4788,7.4319,0.0000,,,2371.89,2364.46,2364.46,2364.46,24960.65,是,强（2h内默认）,强（保持30%）,take_profit,-1.7759%,5.0,3953.15,否,,,0.015173,-21.21%,22.09%,0.015215,-20.99%,24.69%,0.014933,,24.69%,24.69%,20.62%,0.39%,,,1.8670,2.2960,0.8132,,,,
51,BLURUSDT,215.5,2.7,3.0,0.903,"$7,213,250","$7,691,132",0.938,0.0000,2026-04-01 23:00,0.022290,2026-04-02,2026-04-02 00:00:00,3,2,2026-04-02 00:00:00,1.14,0.021820,-2.11%,2026-04-02,2026-04-02 21:10:00,0.019420,21.17,11.00%,4.4024,,3.9181,8.3205,0.0000,,,2421.32,2413.00,2413.00,2413.00,27373.65,是,中（改成20%）,弱（12%）,take_profit,-3.2479%,5.0,4402.39,否,,,0.021470,-1.60%,3.35%,0.020410,-6.46%,7.24%,0.019590,,11.27%,12.42%,11.27%,4.58%,,11.0%,1.1386,1.1191,1.0174,,,,
52,VTHOUSDT,170.4,386.8,295.1,1.311,"$1,094,163","$1,636,386",0.669,0.0000,2026-04-02 00:00,0.000575,2026-04-02,2026-04-02 01:00:00,4,3,2026-04-02 01:00:00,1.43,0.000563,-2.21%,2026-04-05,2026-04-05 00:55:00,0.000540,71.92,4.07%,4.8609,,4.6630,9.5239,0.0000,,,989.10,979.58,979.58,979.58,28353.23,是,中（改成20%）,弱（12%）,max_hold_time,0.0000%,5.0,4860.86,否,,,0.000556,-1.16%,2.83%,0.000544,-3.25%,3.87%,0.000532,-5.40%,6.34%,6.34%,6.34%,2.26%,,,1.4278,1.7933,0.7962,,,,
53,DRIFTUSDT,42.1,312.2,192.9,1.619,"$3,887,422","$3,912,359",0.994,0.0000,2026-04-01 23:00,0.047020,2026-04-02,2026-04-02 00:00:00,4,4,2026-04-02 00:00:00,1.74,0.046990,-0.06%,2026-04-02,2026-04-02 02:15:00,0.041821,2.25,11.00%,4.8609,,4.3262,9.1870,0.0000,,,2673.47,2664.29,2664.29,2664.29,31017.51,是,中（改成20%）,中（保持20%）,take_profit,-1.8114%,5.0,4860.86,否,,,0.043740,-6.92%,9.79%,0.048870,4.00%,21.26%,0.040520,,21.26%,28.81%,14.09%,0.85%,,11.0%,1.7352,1.7293,1.0034,,,,
54,FUNUSDT,33.8,42.7,55.2,0.774,"$956,326","$999,230",0.957,0.0000,2026-04-02 05:00,0.001225,2026-04-02,2026-04-02 06:00:00,5,4,2026-04-02 06:00:00,1.99,0.001223,-0.16%,2026-04-02,2026-04-02 08:00:00,0.001282,2.0,-4.82%,5.3671,,5.6260,10.9931,0.0000,,,-1294.59,-1305.59,-1305.59,-1305.59,29711.93,否,中（推断20%）,中（保持20%）,early_stop_loss,-0.0208%,5.0,5367.08,否,,,0.001275,4.25%,0.08%,0.001375,12.43%,0.08%,0.001408,,0.08%,0.08%,0.08%,4.50%,,,1.9904,1.9860,1.0022,,,,
55,NXPCUSDT,35.0,8.8,19.6,0.447,"$4,876,272","$4,901,474",0.995,0.0000,2026-04-02 07:00,0.280100,2026-04-02,2026-04-02 08:00:00,5,2,2026-04-02 08:00:00,0.80,0.280100,0.00%,2026-04-05,2026-04-05 07:55:00,0.274200,71.92,2.11%,5.1190,,5.0112,10.1302,0.0000,,,539.13,529.00,529.00,529.00,30240.93,否,中（改成20%）,弱（12%）,max_hold_time,0.0000%,5.0,5119.01,否,,,0.279100,-0.36%,0.71%,0.283700,1.29%,1.96%,0.282600,0.89%,1.96%,2.64%,2.64%,0.61%,,,0.8025,0.7989,1.0045,,,,
56,CTSIUSDT,63.0,18.3,19.9,0.917,"$5,506,840","$5,697,640",0.967,0.0000,2026-04-02 23:00,0.038300,2026-04-03,2026-04-03 00:00:00,5,4,2026-04-03 00:00:00,0.92,0.037900,-1.04%,2026-04-03,2026-04-03 00:10:00,0.042827,0.17,-13.00%,5.1190,,5.7845,10.9035,0.0000,,,-3327.36,-3338.26,-3338.26,-3338.26,26902.67,是,强（2h内默认）,强（保持30%）,stop_loss,-2.0058%,5.0,5119.01,否,,,0.037000,-2.37%,3.69%,0.038400,1.32%,7.92%,0.040400,,7.92%,7.92%,3.69%,16.09%,,,0.9246,0.8889,1.0402,,,,
57,PUFFERUSDT,100.5,10.8,9.7,1.106,"$1,857,285","$1,865,126",0.996,0.0000,2026-04-03 23:00,0.033610,2026-04-04,2026-04-04 00:00:00,5,3,2026-04-04 00:00:00,2.15,0.032910,-2.08%,2026-04-04,2026-04-04 05:10:00,0.037188,5.17,-13.00%,4.8249,,5.4521,10.2770,0.0000,,,-3136.17,-3146.45,-3146.45,-3146.45,23756.22,是,中（改成20%）,中（保持20%）,stop_loss,数据缺失,5.0,4824.88,否,,,0.032560,-1.06%,5.14%,0.037800,14.86%,5.14%,0.033920,,5.14%,20.60%,5.14%,5.68%,,,2.1496,2.0230,1.0626,,,,
58,POLYXUSDT,88.6,148.5,140.4,1.058,"$1,815,812","$3,529,692",0.514,0.0000,2026-04-04 00:00,0.052120,2026-04-04,2026-04-04 01:00:00,5,4,2026-04-04 01:00:00,1.00,0.051570,-1.06%,2026-04-07,2026-04-07 00:55:00,0.046050,71.92,10.70%,4.2271,,3.7746,8.0016,0.0000,,,2262.30,2254.29,2254.29,2254.29,26010.51,是,中（改成20%）,弱（12%）,max_hold_time,数据缺失,5.0,4227.05,否,,,0.052590,1.98%,1.80%,0.053300,3.35%,1.80%,0.051330,-0.47%,3.94%,10.98%,10.98%,4.13%,,,0.9968,1.0325,0.9654,,,,
59,HIPPOUSDT,80.9,20.5,12.0,1.713,"$1,533,456","$1,403,380",1.093,0.0000,2026-04-03 22:00,0.000360,2026-04-03,2026-04-03 23:00:00,5,3,2026-04-03 23:00:00,3.01,0.000359,-0.39%,2026-04-04,2026-04-04 07:20:00,0.000405,8.33,-13.00%,4.2271,,4.7766,9.0036,0.0000,,,-2747.58,-2756.59,-2756.59,-2756.59,23253.93,否,中（改成20%）,中（保持20%）,stop_loss,数据缺失,5.0,4227.05,否,,,0.000363,1.12%,1.48%,0.000433,20.83%,1.78%,0.000420,,1.78%,8.00%,1.78%,5.32%,,,3.0080,2.7580,1.0906,,,,
60,TUSDT,85.3,207.5,127.3,1.630,"$1,296,777","$1,506,237",0.861,0.0000,2026-04-05 00:00,0.006459,2026-04-05,2026-04-05 01:00:00,3,4,2026-04-05 01:00:00,2.12,0.006393,-1.02%,2026-04-08,2026-04-08 00:55:00,0.006278,71.92,1.80%,3.9899,,3.9182,7.9081,0.0000,,,358.86,350.95,350.95,350.95,23604.88,否,中（改成20%）,弱（12%）,max_hold_time,-1.5167%,5.0,3989.93,否,,,0.006366,-0.42%,2.33%,0.006050,-5.37%,5.57%,0.006094,-4.68%,6.38%,6.48%,6.48%,1.30%,,,2.1172,2.3659,0.8949,,,,
61,MAGICUSDT,79.0,21.1,22.4,0.938,"$3,052,539","$2,785,658",1.096,0.0000,2026-04-03 11:00,0.064180,2026-04-03,2026-04-03 12:00:00,5,4,2026-04-03 12:00:00,1.56,0.061800,-3.71%,2026-04-06,2026-04-06 11:55:00,0.057950,71.92,6.23%,3.9899,,3.7414,7.7313,0.0000,,,1242.82,1235.09,1235.09,1235.09,24839.97,否,中（改成20%）,弱（12%）,max_hold_time,-0.1927%,5.0,3989.93,否,,,0.059940,-3.01%,3.40%,0.059160,-4.27%,4.82%,0.060470,-2.15%,5.47%,9.32%,9.32%,4.35%,,,1.5634,1.5445,1.0122,,,,
62,JTOUSDT,71.6,11.5,14.5,0.794,"$5,004,197","$6,400,455",0.782,0.0000,2026-04-04 13:00,0.272000,2026-04-04,2026-04-04 14:00:00,5,3,2026-04-04 14:00:00,0.65,0.272900,0.33%,2026-04-07,2026-04-07 13:55:00,0.264700,71.92,3.00%,3.9899,,3.8700,7.8600,0.0000,,,599.44,591.58,591.58,591.58,25431.55,否,中（改成20%）,弱（12%）,max_hold_time,数据缺失,5.0,3989.93,否,,,0.274300,0.51%,1.25%,0.270500,-0.88%,1.65%,0.263300,-3.52%,4.29%,4.29%,4.29%,0.77%,,,0.6474,0.6731,0.9618,,,,
63,1000000BOBUSDT,57.7,39.0,65.1,0.599,"$619,204","$812,640",0.762,0.0000,2026-04-03 07:00,0.012020,2026-04-03,2026-04-03 08:00:00,5,4,2026-04-03 08:00:00,4.40,0.011860,-1.33%,2026-04-06,2026-04-06 07:55:00,0.011720,71.92,1.18%,3.9899,,3.9428,7.9328,0.0000,,,235.49,227.56,227.56,227.56,25659.11,否,中（改成20%）,弱（12%）,max_hold_time,0.0000%,5.0,3989.93,否,,,0.011730,-1.10%,2.28%,0.011220,-5.40%,7.93%,0.011120,-6.24%,9.87%,9.87%,9.87%,1.60%,,,4.3996,4.9277,0.8928,,,,
64,CHRUSDT,30.4,5.0,5.4,0.931,"$2,407,232","$3,026,676",0.795,0.0000,2026-04-03 02:00,0.019900,2026-04-03,2026-04-03 03:00:00,5,4,2026-04-03 03:00:00,2.41,0.020200,1.51%,2026-04-03,2026-04-03 07:20:00,0.017978,4.33,11.00%,4.2678,,3.7984,8.0662,0.0000,,,2347.31,2339.24,2339.24,2339.24,27998.35,否,中（改成20%）,中（保持20%）,take_profit,0.0000%,5.0,4267.83,否,,,0.018300,-9.41%,10.40%,0.019000,-5.94%,12.38%,0.018400,,15.35%,15.35%,12.38%,3.47%,,11.0%,2.4060,2.4518,0.9813,,,,
65,ORDERUSDT,164.4,123.2,83.3,1.478,"$2,667,989","$3,026,974",0.881,0.0000,2026-04-06 07:00,0.061290,2026-04-06,2026-04-06 08:00:00,5,4,2026-04-06 08:00:00,1.25,0.060170,-1.83%,2026-04-07,2026-04-07 00:00:00,0.053551,16.0,11.00%,4.7123,,4.1939,8.9062,0.0000,,,2591.76,2582.85,2582.85,2582.85,30581.20,是,中（改成20%）,弱（12%）,take_profit,-1.3416%,5.0,4712.29,否,,,0.056650,-5.85%,6.37%,0.055790,-7.28%,9.12%,0.052810,,14.72%,15.56%,12.70%,2.13%,,11.0%,1.2543,1.3223,0.9486,,,,
66,SUPERUSDT,132.3,20.5,28.3,0.724,"$2,248,735","$3,637,630",0.618,0.0000,2026-04-06 11:00,0.107100,2026-04-06,2026-04-06 12:00:00,5,4,2026-04-06 12:00:00,0.92,0.105600,-1.40%,2026-04-06,2026-04-06 12:35:00,0.119328,0.58,-13.00%,4.7123,,5.3249,10.0372,0.0000,,,-3062.99,-3073.03,-3073.03,-3073.03,27508.18,是,强（2h内默认）,强（保持30%）,stop_loss,-3.8111%,5.0,4712.29,否,,,0.126400,19.70%,1.61%,0.116500,10.32%,1.61%,0.116600,,1.61%,1.61%,1.61%,29.45%,,,0.9175,0.7803,1.1758,,,,
67,BREVUSDT,129.6,13.0,14.6,0.895,"$1,865,020","$2,558,358",0.729,0.0000,2026-04-06 12:00,0.122500,2026-04-06,2026-04-06 13:00:00,5,4,2026-04-06 13:00:00,2.06,0.121900,-0.49%,2026-04-09,2026-04-09 12:55:00,0.115800,71.92,5.00%,4.1284,,3.9218,8.0502,0.0000,,,1032.95,1024.90,1024.90,1024.90,28533.08,是,中（改成20%）,弱（12%）,max_hold_time,-1.6990%,5.0,4128.41,否,,,0.120900,-0.82%,1.89%,0.114700,-5.91%,6.89%,0.113700,-6.73%,8.61%,9.52%,9.52%,12.14%,,,2.0600,2.0460,1.0068,,,,
68,FUSDT,124.8,109.0,65.8,1.657,"$1,636,230","$3,102,394",0.527,0.0000,2026-04-07 00:00,0.005877,2026-04-07,2026-04-07 01:00:00,4,3,2026-04-07 01:00:00,1.81,0.005878,0.02%,2026-04-07,2026-04-07 03:20:00,0.005173,2.33,12.00%,5.1599,,4.5407,9.7006,0.0000,,,3095.92,3086.22,3086.22,3086.22,31619.30,是,强（保持30%）,强（保持30%）,take_profit,-0.6078%,5.0,5159.87,否,,,0.005241,-10.84%,11.40%,0.005105,-13.15%,14.26%,0.005234,,14.26%,14.26%,12.64%,0.85%,,12.0%,1.8082,2.1476,0.8420,,,,
69,ANIMEUSDT,34.7,17.9,18.4,0.973,"$2,640,114","$2,940,982",0.898,0.0000,2026-04-07 00:00,0.004635,2026-04-07,2026-04-07 01:00:00,5,4,2026-04-07 01:00:00,0.60,0.004639,0.09%,2026-04-10,2026-04-10 00:55:00,0.004625,71.92,0.30%,5.7463,,5.7289,11.4752,0.0000,,,86.71,75.23,75.23,75.23,31694.54,否,中（改成20%）,弱（12%）,max_hold_time,-0.2799%,5.0,5746.26,否,,,0.004514,-2.69%,3.75%,0.004512,-2.74%,3.75%,0.004649,0.22%,4.31%,4.31%,4.31%,0.32%,,,0.5972,0.5501,1.0856,,,,
70,GTCUSDT,79.5,21.3,18.1,1.176,"$1,520,812","$1,447,873",1.050,0.0000,2026-04-07 05:00,0.080000,2026-04-07,2026-04-07 06:00:00,5,3,2026-04-07 06:00:00,2.83,0.078000,-2.50%,2026-04-10,2026-04-10 05:55:00,0.077700,71.92,0.38%,5.7463,,5.7242,11.4704,0.0000,,,110.50,99.03,99.03,99.03,31793.57,否,中（改成20%）,弱（12%）,max_hold_time,0.0000%,5.0,5746.26,否,,,0.076200,-2.31%,5.13%,0.075900,-2.69%,5.13%,0.082800,6.15%,5.13%,5.13%,5.13%,3.85%,,,2.8300,2.6590,1.0643,,,,
71,FOLKSUSDT,62.1,8.7,9.2,0.941,"$3,927,070","$3,478,413",1.129,0.0000,2026-04-07 13:00,0.937000,2026-04-07,2026-04-07 14:00:00,5,2,2026-04-07 14:00:00,3.32,0.930000,-0.75%,2026-04-10,2026-04-10 13:55:00,0.887000,71.92,4.62%,5.7463,,5.4806,11.2268,0.0000,,,1328.44,1317.21,1317.21,1317.21,33110.78,否,中（改成20%）,弱（12%）,max_hold_time,0.0000%,5.0,5746.26,否,,,0.925000,-0.54%,1.51%,0.913000,-1.83%,4.41%,0.935000,0.54%,4.41%,9.46%,9.46%,2.69%,,,3.3159,2.7594,1.2017,,,,
72,EDUUSDT,52.5,27.4,26.2,1.045,"$3,965,269","$4,816,025",0.823,0.0000,2026-04-08 05:00,0.056610,2026-04-08,2026-04-08 06:00:00,5,4,2026-04-08 06:00:00,1.89,0.053040,-6.31%,2026-04-08,2026-04-08 14:35:00,0.047206,8.58,11.00%,5.8129,,5.1735,10.9864,0.0000,,,3197.12,3186.13,3186.13,3186.13,36296.91,是,中（改成20%）,中（保持20%）,take_profit,0.0000%,5.0,5812.94,否,,,0.053270,0.43%,4.19%,0.045970,-13.33%,14.88%,0.045050,,18.40%,18.51%,11.37%,7.30%,,11.0%,1.8868,1.9223,0.9815,,,,
73,XMRUSDT,32.9,12.7,18.7,0.679,"$22,880,897","$24,674,698",0.927,0.0000,2026-04-08 14:00,328.140000,2026-04-08,2026-04-08 15:00:00,5,2,2026-04-08 15:00:00,0.99,328.860000,0.22%,2026-04-11,2026-04-11 14:55:00,338.610000,71.92,-2.96%,6.4183,,6.6086,13.0269,0.0000,,,-951.44,-964.47,-964.47,-964.47,35332.44,否,中（改成20%）,弱（12%）,max_hold_time,0.0000%,5.0,6418.30,否,,,335.420000,1.99%,0.71%,326.050000,-0.85%,2.33%,332.680000,1.16%,2.33%,2.33%,2.33%,2.85%,,,0.9948,1.0202,0.9751,,,,
74,AGTUSDT,127.0,3.0,3.8,0.804,"$5,210,181","$7,489,834",0.696,0.0000,2026-04-09 12:00,0.014957,2026-04-09,2026-04-09 13:00:00,5,4,2026-04-09 13:00:00,0.51,0.014633,-2.17%,2026-04-09,2026-04-09 21:30:00,0.016535,8.5,-13.00%,6.6130,,7.4727,14.0858,0.0000,,,-4298.47,-4312.56,-4312.56,-4312.56,31019.88,是,中（改成20%）,中（保持20%）,stop_loss,0.4886%,5.0,6613.03,否,,,0.014816,1.25%,2.54%,0.015482,5.80%,5.97%,0.014914,,6.91%,21.39%,5.97%,7.46%,,,0.5088,0.6510,0.7816,,,,
75,PARTIUSDT,63.8,62.4,66.7,0.935,"$7,206,734","$6,780,092",1.063,0.0000,2026-04-09 21:00,0.049590,2026-04-09,2026-04-09 22:00:00,5,1,2026-04-09 22:00:00,0.93,0.050670,2.18%,2026-04-10,2026-04-10 20:30:00,0.057257,22.5,-13.00%,5.7936,,6.5468,12.3405,0.0000,,,-3765.87,-3778.21,-3778.21,-3778.21,27241.67,否,中（改成20%）,弱（12%）,stop_loss,-0.1055%,5.0,5793.65,否,,,0.049350,-2.61%,7.16%,0.048230,-4.82%,7.16%,0.053290,,7.22%,13.52%,7.22%,0.95%,,,0.9346,1.0182,0.9179,,,,
76,MINAUSDT,57.5,58.4,86.5,0.675,"$2,222,095","$3,335,639",0.666,0.0000,2026-04-10 00:00,0.059400,2026-04-10,2026-04-10 01:00:00,5,4,2026-04-10 01:00:00,1.30,0.059230,-0.29%,2026-04-13,2026-04-13 00:55:00,0.056300,71.92,4.95%,5.3592,,5.0941,10.4532,0.0000,,,1325.54,1315.09,1315.09,1315.09,28556.76,否,中（改成20%）,弱（12%）,max_hold_time,-1.3103%,5.0,5359.17,否,,,0.059940,1.20%,1.10%,0.057920,-2.21%,3.06%,0.057080,-3.63%,4.61%,6.31%,6.31%,3.56%,,,1.3026,1.3073,0.9964,,,,
77,ILVUSDT,217.8,10.7,12.8,0.839,"$1,764,603","$3,368,748",0.524,0.0000,2026-04-10 12:00,4.992000,2026-04-10,2026-04-10 13:00:00,5,3,2026-04-10 13:00:00,1.62,5.157000,3.31%,2026-04-10,2026-04-10 20:00:00,4.589730,7.0,11.00%,5.3592,,4.7697,10.1288,0.0000,,,2947.54,2937.41,2937.41,2937.41,31494.17,是,中（改成20%）,中（保持20%）,take_profit,-3.5318%,5.0,5359.17,否,,,5.242000,1.65%,4.25%,4.458000,-13.55%,14.70%,4.381000,,17.14%,19.14%,12.00%,12.86%,,11.0%,1.6192,2.3670,0.6841,,,,
78,LPTUSDT,33.1,5.4,7.3,0.742,"$3,301,023","$4,158,443",0.794,0.0000,2026-04-10 13:00,2.193000,2026-04-10,2026-04-10 14:00:00,5,4,2026-04-10 14:00:00,1.70,2.365000,7.84%,2026-04-10,2026-04-10 14:55:00,2.672450,0.92,-13.00%,5.9173,,6.6865,12.6038,0.0000,,,-3846.23,-3858.83,-3858.83,-3858.83,27635.34,是,强（2h内默认）,强（保持30%）,stop_loss,-2.2593%,5.0,5917.28,否,,,2.432000,2.83%,7.53%,2.188000,-7.48%,8.88%,2.152000,,10.32%,14.59%,7.53%,16.07%,,,1.6983,1.6378,1.0369,,,,
79,BANANAUSDT,44.9,6.9,9.2,0.749,"$1,964,222","$2,265,706",0.867,0.0000,2026-04-10 14:00,3.609000,2026-04-10,2026-04-10 15:00:00,5,3,2026-04-10 15:00:00,2.24,3.593000,-0.44%,2026-04-13,2026-04-13 14:55:00,3.410000,71.92,5.09%,5.1841,,4.9201,10.1042,0.0000,,,1320.19,1310.09,1310.09,1310.09,28945.42,否,中（改成20%）,弱（12%）,max_hold_time,-0.0241%,5.0,5184.10,否,,,3.578000,-0.42%,2.39%,3.443000,-4.17%,5.07%,3.479000,-3.17%,5.07%,7.38%,7.38%,0.86%,,,2.2425,2.4130,0.9293,,,,
80,FFUSDT,246.2,97.9,138.2,0.708,"$45,577,234","$42,802,226",1.065,0.0000,2026-04-10 19:00,0.134740,2026-04-10,2026-04-10 20:00:00,5,3,2026-04-10 20:00:00,1.07,0.123770,-8.14%,2026-04-10,2026-04-10 22:40:00,0.110155,2.67,11.00%,5.1841,,4.6138,9.7979,0.0000,,,2851.25,2841.46,2841.46,2841.46,31786.88,是,中（改成20%）,中（保持20%）,take_profit,-0.4760%,5.0,5184.10,否,,,0.113330,-8.44%,9.48%,0.093700,-24.30%,26.40%,0.092390,,27.23%,38.98%,13.53%,9.39%,,11.0%,1.0704,0.7250,1.4764,,,,
81,CKBUSDT,224.3,392.5,743.9,0.528,"$1,355,459","$2,281,077",0.594,0.0000,2026-04-11 00:00,0.001529,2026-04-11,2026-04-11 01:00:00,4,3,2026-04-11 01:00:00,1.99,0.001521,-0.52%,2026-04-14,2026-04-14 00:55:00,0.001502,71.92,1.25%,5.5407,,5.4715,11.0122,0.0000,,,346.07,335.06,335.06,335.06,32121.93,是,中（改成20%）,弱（12%）,max_hold_time,-0.4914%,5.0,5540.72,否,,,0.001508,-0.85%,2.10%,0.001464,-3.75%,4.34%,0.001474,-3.09%,4.34%,5.85%,5.85%,1.78%,,,1.9922,2.4783,0.8039,,,,
82,FFUSDT,39.6,97.9,138.2,0.708,"$36,094,164","$36,957,306",0.977,0.0000,2026-04-10 23:00,0.108000,2026-04-11,2026-04-11 00:00:00,4,4,2026-04-11 00:00:00,1.21,0.108080,0.07%,2026-04-11,2026-04-11 02:05:00,0.096191,2.08,11.00%,5.5407,,4.9312,10.4720,0.0000,,,3047.40,3036.93,3036.93,3036.93,35158.86,是,中（改成20%）,中（保持20%）,take_profit,-1.7943%,5.0,5540.72,否,,,0.098050,-9.28%,10.73%,0.092440,-14.47%,16.66%,0.088230,,20.04%,30.12%,11.57%,3.14%,,11.0%,1.2080,1.1561,1.0449,,,,
83,CROSSUSDT,275.5,96.4,109.1,0.884,"$541,578","$2,354,342",0.230,0.0000,2026-04-11 06:00,0.098150,2026-04-11,2026-04-11 07:00:00,5,4,2026-04-11 07:00:00,1.51,0.085600,-12.79%,2026-04-12,2026-04-12 03:25:00,0.076184,20.42,11.00%,6.1177,,5.4448,11.5625,0.0000,,,3364.76,3353.19,3353.19,3353.19,38512.05,是,中（改成20%）,弱（12%）,take_profit,0.6196%,5.0,6117.74,否,,,0.080710,-5.71%,11.45%,0.081200,-5.14%,11.45%,0.071620,,19.16%,24.24%,18.56%,16.33%,,11.0%,1.5069,2.9510,0.5106,,,,
84,SKYAIUSDT,110.3,4.7,5.5,0.856,"$37,555,753","$40,772,081",0.921,0.0000,2026-04-11 14:00,0.134320,2026-04-11,2026-04-11 15:00:00,5,4,2026-04-11 15:00:00,0.84,0.133610,-0.53%,2026-04-11,2026-04-11 16:35:00,0.117577,1.58,12.00%,6.1177,,5.3836,11.5014,0.0000,,,3670.64,3659.14,3659.14,3659.14,42171.20,是,强（2h内默认）,强（保持30%）,take_profit,0.4961%,5.0,6117.74,否,,,0.114500,-14.30%,18.97%,0.116790,-12.59%,21.27%,0.127900,,22.35%,22.74%,18.97%,5.53%,,12.0%,0.8386,0.9095,0.9220,,,,
85,TAGUSDT,162.0,5.0,5.5,0.914,"$7,874,157","$7,445,199",1.058,0.0000,2026-04-11 16:00,0.000691,2026-04-11,2026-04-11 17:00:00,5,3,2026-04-11 17:00:00,0.96,0.000727,5.12%,2026-04-12,2026-04-12 04:20:00,0.000821,11.33,-13.00%,6.8130,,7.6987,14.5116,0.0000,,,-4428.43,-4442.95,-4442.95,-4442.95,37728.25,是,中（改成20%）,中（保持20%）,stop_loss,0.2200%,5.0,6812.98,否,,,0.000730,0.41%,7.18%,0.000843,15.96%,7.18%,0.000834,,7.18%,7.18%,7.18%,5.37%,,,0.9581,1.0251,0.9346,,,,
86,CTSIUSDT,38.2,11.2,13.1,0.854,"$3,248,151","$4,121,047",0.788,0.0000,2026-04-12 07:00,0.035800,2026-04-12,2026-04-12 08:00:00,4,3,2026-04-12 08:00:00,0.56,0.035300,-1.40%,2026-04-12,2026-04-12 19:00:00,0.031417,11.0,11.00%,6.6059,,5.8793,12.4852,0.0000,,,3633.26,3620.77,3620.77,3620.77,41349.02,否,中（改成20%）,中（保持20%）,take_profit,-0.9684%,5.0,6605.92,否,,,0.033700,-4.53%,7.08%,0.032000,-9.35%,12.46%,0.031100,,13.31%,15.01%,12.46%,2.83%,,11.0%,0.5591,0.5035,1.1104,,,,
87,SYSUSDT,136.8,259.4,523.2,0.496,"$987,005","$1,455,278",0.678,0.0000,2026-04-12 09:00,0.011100,2026-04-12,2026-04-12 10:00:00,5,2,2026-04-12 10:00:00,4.85,0.010290,-7.30%,2026-04-14,2026-04-14 05:10:00,0.009158,43.17,11.00%,7.2939,,6.4915,13.7854,0.0000,,,4011.63,3997.84,3997.84,3997.84,45346.87,是,中（改成20%）,弱（12%）,take_profit,0.0000%,5.0,7293.87,否,,,0.010470,1.75%,0.87%,0.010230,-0.58%,3.69%,0.010620,3.21%,3.69%,16.72%,16.72%,8.36%,,11.0%,4.8548,5.7476,0.8447,,,,
88,AIOUSDT,54.5,3.8,5.3,0.716,"$4,936,549","$5,359,647",0.921,0.0000,2026-04-12 18:00,0.126210,2026-04-12,2026-04-12 19:00:00,5,4,2026-04-12 19:00:00,1.30,0.122250,-3.14%,2026-04-12,2026-04-12 20:55:00,0.107580,1.92,12.00%,7.2939,,6.4186,13.7125,0.0000,,,4376.32,4362.61,4362.61,4362.61,49709.48,是,强（2h内默认）,强（保持30%）,take_profit,0.0000%,5.0,7293.87,否,,,0.105170,-13.97%,16.36%,0.113330,-7.30%,17.06%,0.098950,,20.20%,37.45%,16.36%,4.97%,,12.0%,1.3031,1.3299,0.9798,,,,
89,INXUSDT,72.5,5.2,4.3,1.188,"$2,713,751","$3,556,341",0.763,0.0000,2026-04-12 20:00,0.017954,2026-04-12,2026-04-12 21:00:00,5,4,2026-04-12 21:00:00,2.42,0.017673,-1.57%,2026-04-12,2026-04-12 23:40:00,0.019970,2.67,-13.00%,8.1228,,9.1787,17.3015,0.0000,,,-5279.80,-5297.10,-5297.10,-5297.10,44412.38,是,中（改成20%）,中（保持20%）,stop_loss,0.0000%,5.0,8122.77,否,,,0.017648,-0.14%,5.10%,0.020767,17.51%,5.10%,0.014644,,18.36%,31.91%,5.10%,3.30%,,,2.4235,2.8506,0.8502,,,,
90,XAGUSDT,60.1,21.9,24.7,0.887,"$105,060,208","$110,363,013",0.952,0.0000,2026-04-12 23:00,73.940000,2026-04-13,2026-04-13 00:00:00,5,2,2026-04-13 00:00:00,2.41,73.890000,-0.07%,2026-04-15,2026-04-15 23:55:00,79.520000,71.92,-7.62%,7.1163,,7.6585,14.7749,0.0000,,,-2711.12,-2725.89,-2725.89,-2725.89,41686.49,是,中（改成20%）,弱（12%）,max_hold_time,0.0683%,5.0,7116.32,否,,,74.410000,0.70%,0.16%,74.070000,0.24%,0.16%,75.770000,2.54%,0.34%,0.34%,0.34%,1.25%,,,2.4072,2.3256,1.0351,,,,
91,IMXUSDT,48.1,38.1,15.4,2.469,"$2,962,184","$3,340,519",0.887,0.0000,2026-04-13 00:00,0.139900,2026-04-13,2026-04-13 01:00:00,5,2,2026-04-13 01:00:00,1.70,0.139500,-0.29%,2026-04-15,2026-04-15 17:25:00,0.157635,64.42,-13.00%,7.6151,,8.6051,16.2202,0.0000,,,-4949.82,-4966.04,-4966.04,-4966.04,36720.45,否,中（改成20%）,弱（12%）,stop_loss,-0.1710%,5.0,7615.10,否,,,0.140500,0.72%,0.57%,0.143200,2.65%,0.57%,0.148400,6.38%,0.57%,0.57%,0.57%,0.93%,,,1.6976,1.7624,0.9632,,,,
92,ONUSDT,110.5,4.3,5.2,0.831,"$6,234,969","$5,318,714",1.172,0.0000,2026-04-13 14:00,0.141260,2026-04-13,2026-04-13 15:00:00,5,4,2026-04-13 15:00:00,1.35,0.141240,-0.01%,2026-04-13,2026-04-13 20:10:00,0.159601,5.17,-13.00%,7.6151,,8.6051,16.2202,0.0000,,,-4949.82,-4966.04,-4966.04,-4966.04,31754.41,是,中（改成20%）,中（保持20%）,stop_loss,0.0574%,5.0,7615.10,否,,,0.141190,-0.04%,9.14%,0.139300,-1.37%,9.14%,0.148060,,9.14%,21.02%,9.14%,4.82%,,,1.3502,1.2910,1.0459,,,,
93,BROCCOLI714USDT,33.2,4.7,5.5,0.856,"$4,109,189","$4,008,375",1.025,0.0000,2026-04-13 20:00,0.016760,2026-04-13,2026-04-13 21:00:00,5,4,2026-04-13 21:00:00,2.58,0.016620,-0.84%,2026-04-13,2026-04-13 23:00:00,0.017960,2.0,-8.06%,6.6716,,7.2095,13.8810,0.0000,,,-2689.50,-2703.38,-2703.38,-2703.38,29051.04,否,中（推断20%）,中（保持20%）,early_stop_loss,-0.0400%,5.0,6671.55,否,,,0.017480,5.17%,1.08%,0.015300,-7.94%,10.89%,0.015780,,10.89%,10.89%,1.08%,9.09%,,,2.5842,2.5881,0.9985,,,,
94,INUSDT,54.2,37.7,38.5,0.980,"$1,592,503","$1,802,613",0.883,0.0000,2026-04-14 00:00,0.064910,2026-04-14,2026-04-14 01:00:00,4,2,2026-04-14 01:00:00,2.13,0.064620,-0.45%,2026-04-14,2026-04-14 18:45:00,0.073021,17.75,-13.00%,6.9812,,7.8887,14.8699,0.0000,,,-4537.76,-4552.63,-4552.63,-4552.63,24498.41,是,中（改成20%）,弱（12%）,stop_loss,0.0000%,5.0,6981.16,否,,,0.063620,-1.55%,3.10%,0.065930,2.03%,6.50%,0.078670,,6.50%,6.50%,6.50%,1.55%,,,2.1260,2.0057,1.0600,,,,
95,ORDERUSDT,42.5,43.3,52.3,0.828,"$1,566,005","$1,651,030",0.949,0.0000,2026-04-14 00:00,0.060820,2026-04-14,2026-04-14 01:00:00,5,4,2026-04-14 01:00:00,2.14,0.061820,1.64%,2026-04-17,2026-04-17 00:55:00,0.062400,71.92,-0.94%,6.1162,,6.1735,12.2897,0.0000,,,-286.91,-299.20,-299.20,-299.20,24199.21,否,中（改成20%）,弱（12%）,max_hold_time,-0.1562%,5.0,6116.16,否,,,0.061670,-0.24%,2.67%,0.060800,-1.65%,4.85%,0.062870,1.70%,4.85%,4.85%,4.85%,0.61%,,,2.1447,2.0544,1.0440,,,,
96,BROCCOLI714USDT,40.7,4.7,5.5,0.856,"$4,127,399","$4,009,146",1.029,0.0000,2026-04-13 23:00,0.017380,2026-04-14,2026-04-14 00:00:00,5,4,2026-04-14 00:00:00,2.55,0.017240,-0.81%,2026-04-14,2026-04-14 06:40:00,0.015344,6.67,11.00%,6.1162,,5.4434,11.5596,0.0000,,,3363.89,3352.33,3352.33,3352.33,27551.54,是,中（改成20%）,中（保持20%）,take_profit,-0.0828%,5.0,6116.16,否,,,0.016610,-3.65%,4.99%,0.016140,-6.38%,14.10%,0.015910,,14.10%,14.10%,11.19%,4.76%,,11.0%,2.5461,2.5855,0.9848,,,,
97,COAIUSDT,83.2,4.7,4.6,1.009,"$8,855,128","$8,035,964",1.102,0.0000,2026-04-14 06:00,0.485500,2026-04-14,2026-04-14 07:00:00,5,4,2026-04-14 07:00:00,3.78,0.473500,-2.47%,2026-04-14,2026-04-14 07:55:00,0.416680,0.92,12.00%,6.7531,,5.9427,12.6958,0.0000,,,4051.86,4039.17,4039.17,4039.17,31590.71,是,强（2h内默认）,强（保持30%）,take_profit,0.0000%,5.0,6753.11,否,,,0.448100,-5.36%,15.04%,0.378000,-20.17%,25.47%,0.397300,,25.47%,25.47%,15.04%,9.25%,,,3.7847,3.4663,1.0919,,,,
98,MYXUSDT,136.9,7.2,7.2,0.997,"$20,738,162","$12,640,877",1.641,0.0000,2026-04-14 07:00,0.382200,2026-04-14,2026-04-14 08:00:00,5,4,2026-04-14 08:00:00,2.62,0.390200,2.09%,2026-04-14,2026-04-14 08:25:00,0.343376,0.42,12.00%,7.5205,,6.6181,14.1386,0.0000,,,4512.33,4498.19,4498.19,4498.19,36088.90,是,强（2h内默认）,强（保持30%）,take_profit,1.1169%,5.0,7520.55,否,,,0.351000,-10.05%,16.58%,0.289300,-25.86%,32.06%,0.330900,,32.06%,32.06%,16.58%,6.36%,,,2.6153,2.4294,1.0765,,,,
99,IOSTUSDT,75.0,29.1,94.5,0.308,"$1,251,441","$1,586,157",0.789,0.0000,2026-04-15 00:00,0.001184,2026-04-15,2026-04-15 01:00:00,4,3,2026-04-15 01:00:00,2.63,0.001167,-1.44%,2026-04-18,2026-04-18 00:55:00,0.001151,71.92,1.37%,6.9137,,6.8190,13.7327,0.0000,,,473.95,460.22,460.22,460.22,36549.12,是,中（改成20%）,弱（12%）,max_hold_time,-0.6271%,5.0,6913.74,否,,,0.001189,1.89%,1.97%,0.001098,-5.91%,7.28%,0.001113,-4.63%,7.28%,7.28%,7.28%,2.83%,,,2.6311,3.1771,0.8281,,,,
100,APRUSDT,42.8,3.1,3.7,0.857,"$16,805,271","$17,284,539",0.972,0.0000,2026-04-14 23:00,0.325570,2026-04-15,2026-04-15 00:00:00,4,3,2026-04-15 00:00:00,1.30,0.339190,4.18%,2026-04-15,2026-04-15 00:40:00,0.298487,0.67,12.00%,6.9137,,6.0841,12.9978,0.0000,,,4148.24,4135.25,4135.25,4135.25,40684.36,是,强（2h内默认）,强（保持30%）,take_profit,0.2038%,5.0,6913.74,否,,,0.318990,-5.96%,13.47%,0.231360,-31.79%,33.88%,0.235610,,35.93%,56.99%,13.47%,6.10%,,,1.2962,1.3111,0.9886,,,,
101,XANUSDT,34.8,5.8,6.6,0.883,"$1,853,979","$2,181,562",0.850,0.0000,2026-04-14 23:00,0.011173,2026-04-15,2026-04-15 00:00:00,5,4,2026-04-15 00:00:00,1.83,0.011116,-0.51%,2026-04-15,2026-04-15 07:15:00,0.009893,7.25,11.00%,7.6994,,6.8525,14.5519,0.0000,,,4234.69,4220.14,4220.14,4220.14,44904.50,否,中（改成20%）,中（保持20%）,take_profit,0.0000%,5.0,7699.44,否,,,0.010924,-1.73%,3.63%,0.010155,-8.65%,11.80%,0.010172,,14.43%,16.92%,11.26%,6.41%,,11.0%,1.8345,1.8620,0.9852,,,,
102,TRUSTUSDT,31.5,30.8,24.0,1.286,"$1,302,853","$1,751,374",0.744,0.0000,2026-04-15 08:00,0.088870,2026-04-15,2026-04-15 09:00:00,5,2,2026-04-15 09:00:00,2.78,0.087710,-1.31%,2026-04-16,2026-04-16 00:00:00,0.077185,15.0,12.00%,8.5013,,7.4811,15.9824,0.0000,,,5100.76,5084.78,5084.78,5084.78,49989.28,是,强（保持30%）,强（30%）,take_profit,0.0000%,5.0,8501.26,否,,,0.079120,-9.79%,11.53%,0.080220,-8.54%,11.53%,0.071880,,18.62%,20.48%,16.92%,8.28%,,12.0%,2.7793,3.0469,0.9122,,,,
103,ALCHUSDT,86.8,136.6,124.7,1.096,"$14,184,493","$14,963,733",0.948,0.0000,2026-04-15 17:00,0.098910,2026-04-15,2026-04-15 18:00:00,5,4,2026-04-15 18:00:00,1.25,0.097690,-1.23%,2026-04-15,2026-04-15 23:15:00,0.086944,5.25,11.00%,8.5013,,7.5661,16.0674,0.0000,,,4675.69,4659.63,4659.63,4659.63,54648.90,是,中（改成20%）,中（保持20%）,take_profit,0.2636%,5.0,8501.26,否,,,0.099670,2.03%,4.13%,0.085320,-12.66%,16.46%,0.081990,,18.53%,23.71%,16.46%,2.36%,,11.0%,1.2472,1.2852,0.9704,,,,
104,ALCHUSDT,91.4,136.6,124.7,1.096,"$14,277,563","$12,408,413",1.151,0.0000,2026-04-15 23:00,0.088350,2026-04-16,2026-04-16 00:00:00,3,3,2026-04-16 00:00:00,1.30,0.088230,-0.14%,2026-04-17,2026-04-17 01:05:00,0.079407,25.08,10.00%,10.3527,,9.3174,19.6701,0.0000,,,5176.35,5156.68,5156.68,5156.68,59805.58,否,中（改成20%）,弱（12%）,take_profit,0.1651%,5.0,10352.70,否,,,0.089080,0.96%,1.48%,0.086170,-2.33%,6.91%,0.080500,-8.76%,9.79%,18.12%,14.72%,4.03%,,10.0%,1.3020,1.3095,0.9943,,,,
105,FUSDT,37.4,78.8,168.5,0.468,"$1,908,363","$2,094,220",0.911,0.0000,2026-04-16 00:00,0.005591,2026-04-16,2026-04-16 01:00:00,4,1,2026-04-16 01:00:00,2.15,0.005598,0.13%,2026-04-19,2026-04-19 00:55:00,0.005454,71.92,2.57%,10.3527,,10.0864,20.4391,0.0000,,,1331.54,1311.10,1311.10,1311.10,61116.68,否,中（改成20%）,弱（12%）,max_hold_time,-0.0511%,5.0,10352.70,否,,,0.005637,0.70%,0.36%,0.005657,1.05%,0.39%,0.005705,1.64%,1.38%,3.64%,3.64%,1.11%,,,2.1476,2.2916,0.9372,,,,
106,MOODENGUSDT,45.1,6.2,5.1,1.226,"$3,694,186","$5,421,902",0.681,0.0000,2026-04-16 02:00,0.061600,2026-04-16,2026-04-16 03:00:00,5,2,2026-04-16 03:00:00,2.37,0.060590,-1.64%,2026-04-18,2026-04-18 17:10:00,0.053925,62.17,11.00%,10.3527,,9.2139,19.5666,0.0000,,,5693.98,5674.42,5674.42,5674.42,66791.10,是,中（改成20%）,弱（12%）,take_profit,-0.2614%,5.0,10352.70,否,,,0.060010,-0.96%,4.62%,0.055310,-8.71%,10.41%,0.058950,-2.71%,10.41%,15.32%,11.01%,2.95%,,11.0%,2.3715,2.1466,1.1048,,,,
107,ZETAUSDT,30.7,71.4,64.5,1.106,"$1,072,670","$1,524,192",0.704,0.0000,2026-04-17 00:00,0.058190,2026-04-17,2026-04-17 01:00:00,5,3,2026-04-17 01:00:00,1.95,0.058230,0.07%,2026-04-17,2026-04-17 03:00:00,0.062090,2.0,-6.63%,11.2756,,12.0231,23.2987,0.0000,,,-3737.24,-3760.54,-3760.54,-3760.54,63030.56,否,中（推断20%）,中（保持20%）,early_stop_loss,-0.0020%,5.0,11275.62,否,,,0.062950,8.11%,1.61%,0.065540,12.55%,1.61%,0.057390,,2.70%,9.48%,1.61%,12.28%,,,1.9507,1.9931,0.9787,,,,
108,TAKEUSDT,47.3,7.4,5.4,1.365,"$3,681,424","$3,592,673",1.025,0.0000,2026-04-17 04:00,0.040570,2026-04-17,2026-04-17 05:00:00,4,3,2026-04-17 05:00:00,2.49,0.042910,5.77%,2026-04-17,2026-04-17 07:35:00,0.048488,2.58,-13.00%,10.5611,,11.9341,22.4952,0.0000,,,-6864.73,-6887.22,-6887.22,-6887.22,56143.34,否,中（推断20%）,中（保持20%）,stop_loss,0.2210%,5.0,10561.12,否,,,0.044180,2.96%,11.42%,0.048000,11.86%,14.24%,0.043810,,14.24%,49.83%,11.42%,7.32%,,,2.4941,2.5211,0.9893,,,,
109,SOONUSDT,72.9,216.5,175.2,1.235,"$5,429,994","$9,336,585",0.582,0.0000,2026-04-17 05:00,0.231500,2026-04-17,2026-04-17 06:00:00,5,3,2026-04-17 06:00:00,2.65,0.243700,5.27%,2026-04-17,2026-04-17 08:45:00,0.216893,2.75,11.00%,9.2525,,8.2348,17.4873,0.0000,,,5088.90,5071.41,5071.41,5071.41,61214.75,否,中（改成20%）,中（保持20%）,take_profit,-8.2236%,5.0,9252.55,否,,,0.258900,6.24%,8.78%,0.222000,-8.90%,17.11%,0.198500,,21.01%,32.46%,12.60%,8.29%,,11.0%,2.6470,2.1746,1.2172,,,,
110,METISUSDT,229.7,14.8,16.6,0.890,"$1,879,574","$4,339,048",0.433,0.0000,2026-04-17 07:00,5.395000,2026-04-17,2026-04-17 08:00:00,5,4,2026-04-17 08:00:00,2.22,5.364000,-0.57%,2026-04-17,2026-04-17 08:20:00,4.720320,0.33,12.00%,10.2161,,8.9902,19.2063,0.0000,,,6129.67,6110.46,6110.46,6110.46,67325.21,是,强（2h内默认）,强（保持30%）,take_profit,-0.7012%,5.0,10216.11,否,,,4.704000,-12.30%,21.38%,4.393000,-18.10%,22.82%,3.781000,,30.20%,36.86%,17.79%,7.57%,,,2.2175,2.9448,0.7530,,,,
111,VANAUSDT,129.2,24.9,23.1,1.078,"$2,645,257","$3,418,876",0.774,0.0000,2026-04-17 08:00,1.507000,2026-04-17,2026-04-17 09:00:00,4,1,2026-04-17 09:00:00,2.29,1.455000,-3.45%,2026-04-20,2026-04-20 08:55:00,1.345000,71.92,7.56%,11.3771,,10.5170,21.8941,0.0000,,,4300.62,4278.73,4278.73,4278.73,71603.94,否,中（改成20%）,弱（12%）,max_hold_time,-0.2765%,5.0,11377.10,否,,,1.456000,0.07%,0.89%,1.455000,0.00%,0.89%,1.415000,-2.75%,3.23%,8.18%,8.18%,3.71%,,,2.2949,2.2690,1.0114,,,,
112,RAREUSDT,103.5,35.3,33.9,1.040,"$3,419,468","$4,087,366",0.837,0.0000,2026-04-17 23:00,0.023950,2026-04-18,2026-04-18 00:00:00,5,3,2026-04-18 00:00:00,1.89,0.023140,-3.38%,2026-04-18,2026-04-18 01:15:00,0.020363,1.25,12.00%,12.5427,,11.0376,23.5802,0.0000,,,7525.61,7502.03,7502.03,7502.03,79105.97,是,强（2h内默认）,强（保持30%）,take_profit,-0.3623%,5.0,12542.68,否,,,0.020240,-12.53%,14.22%,0.017670,-23.64%,24.63%,0.016750,,30.16%,32.80%,14.22%,3.72%,,12.0%,1.8852,1.9931,0.9459,,,,
113,HIGHUSDT,64.0,10.1,9.7,1.042,"$2,505,030","$4,192,616",0.597,0.0000,2026-04-18 00:00,0.174200,2026-04-18,2026-04-18 01:00:00,5,3,2026-04-18 01:00:00,2.40,0.172900,-0.75%,2026-04-18,2026-04-18 01:45:00,0.195377,0.75,-13.00%,13.9681,,15.7839,29.7520,0.0000,,,-9079.24,-9109.00,-9109.00,-9109.00,69996.98,是,强（2h内默认）,强（保持30%）,stop_loss,-0.8968%,5.0,13968.07,否,,,0.212700,23.02%,4.80%,0.406300,134.99%,4.80%,0.300600,,4.80%,4.80%,4.80%,42.16%,,,2.4037,3.4543,0.6959,,,,
114,ONTUSDT,42.5,10.5,10.3,1.024,"$14,998,352","$12,686,382",1.182,0.0000,2026-04-18 03:00,0.085000,2026-04-18,2026-04-18 04:00:00,4,2,2026-04-18 04:00:00,0.56,0.085400,0.47%,2026-04-18,2026-04-18 21:20:00,0.076860,17.33,10.00%,12.2374,,11.0136,23.2510,0.0000,,,6118.68,6095.43,6095.43,6095.43,76092.40,否,中（改成20%）,弱（12%）,take_profit,-1.1622%,5.0,12237.36,否,,,0.082600,-3.28%,3.75%,0.081300,-4.80%,6.91%,0.077200,,11.24%,13.58%,10.54%,3.04%,,10.0%,0.5605,0.5020,1.1165,,,,
115,我踏马来了USDT,65.2,12.7,12.4,1.017,"$6,371,860","$9,464,627",0.673,0.0000,2026-04-18 04:00,0.015092,2026-04-18,2026-04-18 05:00:00,5,4,2026-04-18 05:00:00,3.26,0.015595,3.33%,2026-04-18,2026-04-18 05:10:00,0.017622,0.17,-13.00%,13.3955,,15.1369,28.5324,0.0000,,,-8707.07,-8735.60,-8735.60,-8735.60,67356.80,是,强（2h内默认）,强（保持30%）,stop_loss,0.0000%,5.0,13395.49,否,,,0.017997,15.40%,4.98%,0.012821,-17.79%,24.14%,0.010632,,34.92%,38.63%,4.98%,25.60%,,,3.2626,4.0736,0.8009,,,,
116,PORTALUSDT,76.9,24.9,18.8,1.326,"$2,028,906","$4,245,015",0.478,0.0000,2026-04-18 05:00,0.015010,2026-04-18,2026-04-18 06:00:00,5,4,2026-04-18 06:00:00,3.33,0.016360,8.99%,2026-04-18,2026-04-18 06:10:00,0.014397,0.17,12.00%,11.7357,,10.3274,22.0632,0.0000,,,7041.44,7019.37,7019.37,7019.37,74376.18,是,强（2h内默认）,强（保持30%）,take_profit,0.0387%,5.0,11735.73,否,,,0.016160,-1.22%,15.40%,0.011620,-28.97%,31.54%,0.012580,,37.96%,37.96%,15.40%,22.25%,,,3.3290,5.4226,0.6139,,,,
117,PIEVERSEUSDT,99.9,4.2,4.7,0.893,"$12,096,069","$10,765,470",1.124,0.0000,2026-04-18 23:00,0.615500,2026-04-19,2026-04-19 00:00:00,3,1,2026-04-19 00:00:00,1.68,0.581600,-5.51%,2026-04-19,2026-04-19 02:55:00,0.657208,2.92,-13.00%,13.3185,,15.0499,28.3684,0.0000,,,-8657.03,-8685.40,-8685.40,-8685.40,65690.77,是,中（推断20%）,中（保持20%）,stop_loss,0.0000%,5.0,13318.51,否,,,0.618600,6.36%,2.41%,0.620800,6.74%,2.41%,1.183700,,2.41%,2.41%,2.41%,10.66%,,,1.6846,1.6323,1.0320,,,,
118,MLNUSDT,46.7,38.2,30.2,1.265,"$1,644,657","$1,733,895",0.949,0.0000,2026-04-18 23:00,3.120000,2026-04-19,2026-04-19 00:00:00,4,1,2026-04-19 00:00:00,3.05,3.079000,-1.31%,2026-04-19,2026-04-19 21:00:00,2.771100,21.0,10.00%,11.6683,,10.5015,22.1697,0.0000,,,5834.14,5811.97,5811.97,5811.97,71502.75,否,中（改成20%）,弱（12%）,take_profit,0.0000%,5.0,11668.29,否,,,3.054000,-0.81%,2.27%,2.937000,-4.61%,6.72%,2.766000,,12.63%,12.63%,10.26%,2.70%,,10.0%,3.0486,3.3725,0.9040,,,,
119,NXPCUSDT,31.8,134.7,40.7,3.306,"$5,285,287","$5,376,993",0.983,0.0000,2026-04-19 00:00,0.294000,2026-04-19,2026-04-19 01:00:00,4,4,2026-04-19 01:00:00,1.23,0.292300,-0.58%,2026-04-22,2026-04-22 00:55:00,0.299800,71.92,-2.57%,12.7726,,13.1003,25.8729,0.0000,,,-1638.63,-1664.50,-1664.50,-1664.50,69838.25,否,中（改成20%）,弱（12%）,max_hold_time,-0.0142%,5.0,12772.56,否,,,0.287000,-1.81%,2.05%,0.289500,-0.96%,2.05%,0.296100,1.30%,2.05%,2.05%,2.05%,1.33%,,,1.2331,1.4777,0.8345,,,,
120,ZROUSDT,45.8,36.1,36.7,0.983,"$24,474,007","$24,961,182",0.980,0.0000,2026-04-19 02:00,1.615000,2026-04-19,2026-04-19 03:00:00,4,3,2026-04-19 03:00:00,0.65,1.586300,-1.78%,2026-04-19,2026-04-19 14:55:00,1.665200,11.92,-4.97%,12.7726,,13.4078,26.1804,0.0000,,,-3176.43,-3202.61,-3202.61,-3202.61,66635.63,否,中（改成20%）,中（保持20%）,early_stop_loss_12h,-0.0180%,5.0,12772.56,否,,,1.596300,0.63%,2.21%,1.665200,4.97%,5.21%,1.635200,,5.21%,5.21%,5.21%,4.03%,,,0.6464,0.6770,0.9548,,,,
121,GTCUSDT,41.7,7.7,8.2,0.944,"$1,809,840","$4,167,741",0.434,0.0000,2026-04-19 04:00,0.156200,2026-04-19,2026-04-19 05:00:00,5,4,2026-04-19 05:00:00,1.52,0.147550,-5.54%,2026-04-19,2026-04-19 05:30:00,0.129844,0.5,12.00%,12.1641,,10.7044,22.8684,0.0000,,,7298.44,7275.57,7275.57,7275.57,73911.20,否,强（2h内默认）,强（保持30%）,take_profit,0.0000%,5.0,12164.07,否,,,0.121480,-17.67%,20.33%,0.113100,-23.35%,26.80%,0.115800,,26.80%,32.57%,15.82%,12.57%,,,1.5240,2.6643,0.5720,,,,
122,AWEUSDT,53.9,41.1,61.3,0.671,"$3,104,781","$2,738,061",1.134,0.0000,2026-04-20 05:00,0.049420,2026-04-20,2026-04-20 06:00:00,3,4,2026-04-20 06:00:00,2.46,0.049530,0.22%,2026-04-23,2026-04-23 05:55:00,0.050300,71.92,-1.55%,14.3594,,14.5826,28.9420,0.0000,,,-1116.16,-1145.11,-1145.11,-1145.11,72766.10,否,中（改成20%）,弱（12%）,max_hold_time,0.0000%,5.0,14359.38,否,,,0.049730,0.40%,0.22%,0.050250,1.45%,0.22%,0.049970,0.89%,0.22%,1.11%,1.11%,1.23%,,,2.4638,2.4734,0.9961,,,,
123,SUPERUSDT,33.1,9.8,8.7,1.118,"$4,072,931","$5,276,138",0.772,0.0000,2026-04-20 06:00,0.138200,2026-04-20,2026-04-20 07:00:00,4,2,2026-04-20 07:00:00,1.18,0.140500,1.66%,2026-04-20,2026-04-20 09:00:00,0.147700,2.0,-5.12%,14.3594,,15.0952,29.4546,0.0000,,,-3679.27,-3708.73,-3708.73,-3708.73,69057.37,是,中（推断20%）,中（保持20%）,early_stop_loss,-2.6057%,5.0,14359.38,否,,,0.147000,4.63%,2.28%,0.137700,-1.99%,5.55%,0.131600,,7.90%,11.81%,2.28%,9.47%,,,1.1820,1.2635,0.9355,,,,
124,JCTUSDT,31.5,6.6,5.8,1.132,"$3,916,758","$4,005,488",0.978,0.0000,2026-04-20 06:00,0.003086,2026-04-20,2026-04-20 07:00:00,5,2,2026-04-20 07:00:00,1.38,0.003094,0.26%,2026-04-20,2026-04-20 16:05:00,0.002754,9.08,11.00%,13.6547,,12.1527,25.8074,0.0000,,,7510.10,7484.29,7484.29,7484.29,76541.66,否,中（改成20%）,中（保持20%）,take_profit,0.1351%,5.0,13654.73,否,,,0.002949,-4.69%,5.98%,0.002697,-12.83%,15.29%,0.002440,,22.01%,25.44%,11.93%,4.01%,,11.0%,1.3798,1.4832,0.9303,,,,
125,SKYAIUSDT,89.8,85.1,51.1,1.665,"$45,109,158","$42,363,399",1.065,0.0000,2026-04-20 08:00,0.159910,2026-04-20,2026-04-20 09:00:00,4,3,2026-04-20 09:00:00,0.86,0.162580,1.67%,2026-04-20,2026-04-20 09:10:00,0.143070,0.17,12.00%,15.0767,,13.2675,28.3443,0.0000,,,9046.04,9017.70,9017.70,9017.70,85559.36,否,强（2h内默认）,强（保持30%）,take_profit,0.0000%,5.0,15076.74,否,,,0.174460,7.31%,15.51%,0.159290,-2.02%,15.51%,0.174790,,15.51%,15.51%,15.51%,18.42%,,,0.8591,0.9037,0.9506,,,,
126,TAGUSDT,40.1,94.8,106.6,0.889,"$7,233,812","$6,468,329",1.118,0.0000,2026-04-20 08:00,0.000647,2026-04-20,2026-04-20 09:00:00,5,3,2026-04-20 09:00:00,1.01,0.000638,-1.28%,2026-04-23,2026-04-23 08:55:00,0.000651,71.92,-1.96%,16.7901,,17.1188,33.9089,0.0000,,,-1643.51,-1677.42,-1677.42,-1677.42,83881.94,否,中（改成20%）,弱（12%）,max_hold_time,0.0000%,5.0,16790.10,否,,,0.000644,0.89%,1.79%,0.000645,1.02%,1.79%,0.000669,4.70%,1.79%,1.79%,1.79%,4.21%,,,1.0149,1.0362,0.9794,,,,
127,EDUUSDT,35.1,9.0,8.1,1.117,"$7,410,056","$8,914,490",0.831,0.0000,2026-04-20 23:00,0.071690,2026-04-21,2026-04-21 00:00:00,4,3,2026-04-21 00:00:00,1.45,0.070450,-1.73%,2026-04-21,2026-04-21 00:50:00,0.079608,0.83,-13.00%,16.7901,,18.9728,35.7629,0.0000,,,-10913.57,-10949.33,-10949.33,-10949.33,72932.61,是,强（2h内默认）,强（保持30%）,stop_loss,-0.6397%,5.0,16790.10,否,,,0.079640,13.04%,5.38%,0.055970,-20.55%,21.65%,0.054160,,26.17%,34.21%,5.38%,26.70%,,,1.4462,1.4462,1.0000,,,,
128,UMAUSDT,70.8,24.9,33.0,0.753,"$1,962,245","$2,824,952",0.695,0.0000,2026-04-21 05:00,0.485500,2026-04-21,2026-04-21 06:00:00,4,4,2026-04-21 06:00:00,1.88,0.491900,1.32%,2026-04-24,2026-04-24 05:55:00,0.481600,71.92,2.09%,14.7097,,14.4017,29.1115,0.0000,,,1540.05,1510.94,1510.94,1510.94,74443.55,是,中（改成20%）,弱（12%）,max_hold_time,-0.6818%,5.0,14709.73,否,,,0.499500,1.55%,2.46%,0.473700,-3.70%,4.39%,0.487600,-0.87%,6.12%,6.12%,6.12%,9.60%,,,1.8810,1.8555,1.0137,,,,
129,PTBUSDT,68.3,89.3,124.4,0.718,"$3,462,538","$3,229,030",1.072,0.0000,2026-04-21 05:00,0.000841,2026-04-21,2026-04-21 06:00:00,5,3,2026-04-21 06:00:00,3.36,0.000848,0.81%,2026-04-24,2026-04-24 05:55:00,0.000842,71.92,0.66%,14.7097,,14.6125,29.3223,0.0000,,,485.93,456.61,456.61,456.61,74900.16,否,中（改成20%）,弱（12%）,max_hold_time,0.0000%,5.0,14709.73,否,,,0.000843,-0.53%,6.54%,0.000849,0.13%,6.54%,0.000871,2.78%,6.54%,9.14%,9.14%,4.86%,,,3.3611,3.5558,0.9452,,,,
130,CARVUSDT,55.0,69.6,70.8,0.984,"$707,961","$873,693",0.810,0.0000,2026-04-22 00:00,0.058910,2026-04-22,2026-04-22 01:00:00,5,3,2026-04-22 01:00:00,2.01,0.059020,0.19%,2026-04-25,2026-04-25 00:55:00,0.059080,71.92,-0.10%,14.3935,,14.4081,28.8016,0.0000,,,-73.16,-101.96,-101.96,-101.96,74798.19,否,中（改成20%）,弱（12%）,max_hold_time,-0.6228%,5.0,14393.48,否,,,0.059030,0.02%,3.03%,0.058010,-1.71%,3.03%,0.057300,-2.91%,3.95%,6.18%,6.18%,1.51%,,,2.0148,2.4459,0.8237,,,,
131,VELVETUSDT,43.9,3.2,3.2,1.018,"$4,472,391","$4,601,209",0.972,0.0000,2026-04-23 07:00,0.111650,2026-04-23,2026-04-23 08:00:00,5,3,2026-04-23 08:00:00,1.02,0.113350,1.52%,2026-04-23,2026-04-23 10:00:00,0.116440,2.0,-2.73%,13.8572,,14.2350,28.0921,0.0000,,,-1888.78,-1916.88,-1916.88,-1916.88,72881.32,是,中（推断20%）,中（保持20%）,early_stop_loss,0.2867%,5.0,13857.20,否,,,0.118310,4.38%,2.47%,0.099420,-12.29%,18.26%,0.105440,,18.26%,20.49%,16.14%,9.39%,,,1.0186,1.0807,0.9425,,,,
132,MAVUSDT,41.1,70.9,36.3,1.955,"$1,245,678","$1,697,558",0.734,0.0000,2026-04-23 08:00,0.015910,2026-04-23,2026-04-23 09:00:00,5,4,2026-04-23 09:00:00,2.60,0.015860,-0.31%,2026-04-25,2026-04-25 08:00:00,0.016340,47.0,-3.03%,13.4930,,13.9014,27.3943,0.0000,,,-2041.81,-2069.21,-2069.21,-2069.21,70812.11,否,中（改成20%）,弱（12%）,force_close,0.0000%,5.0,13492.99,否,,,0.015810,-0.32%,1.39%,0.015860,0.00%,1.39%,0.016000,0.88%,1.39%,1.39%,1.39%,0.38%,,10.0%,2.6023,3.2463,0.8016,,,,
133,BBUSDT,52.9,13.3,13.2,1.005,"$2,958,983","$4,151,391",0.713,0.0000,2026-04-23 11:00,0.032350,2026-04-23,2026-04-23 12:00:00,5,4,2026-04-23 12:00:00,1.97,0.031840,-1.58%,2026-04-23,2026-04-23 17:40:00,0.028338,5.67,11.00%,13.4930,,12.0088,25.5018,0.0000,,,7421.14,7395.64,7395.64,7395.64,78207.75,否,中（改成20%）,中（保持20%）,take_profit,-0.2917%,5.0,13492.99,否,,,0.029670,-6.82%,8.29%,0.028360,-10.93%,11.78%,0.027580,,15.01%,15.17%,11.59%,3.61%,,11.0%,1.9665,2.1878,0.8988,,,,
134,MOVRUSDT,87.0,5.2,4.8,1.076,"$10,801,928","$10,685,366",1.011,0.0000,2026-04-23 17:00,2.961000,2026-04-23,2026-04-23 18:00:00,5,4,2026-04-23 18:00:00,0.83,2.950000,-0.37%,2026-04-23,2026-04-23 19:40:00,2.596000,1.67,12.00%,14.8982,,13.1104,28.0085,0.0000,,,8938.90,8910.89,8910.89,8910.89,87118.64,是,强（2h内默认）,强（保持30%）,take_profit,0.0000%,5.0,14898.16,否,,,2.607000,-11.63%,13.25%,2.361000,-19.97%,23.15%,2.233000,,26.54%,26.54%,13.25%,2.00%,,12.0%,0.8288,0.8570,0.9671,,,,
135,RAREUSDT,119.5,14.0,15.4,0.906,"$2,323,960","$2,991,487",0.777,0.0000,2026-04-23 19:00,0.020110,2026-04-23,2026-04-23 20:00:00,5,4,2026-04-23 20:00:00,1.41,0.019950,-0.80%,2026-04-24,2026-04-24 03:30:00,0.017756,7.5,11.00%,16.5912,,14.7662,31.3574,0.0000,,,9125.18,9093.82,9093.82,9093.82,96212.46,是,中（改成20%）,中（保持20%）,take_profit,-0.5083%,5.0,16591.23,否,,,0.018630,-6.62%,8.12%,0.017170,-13.93%,14.54%,0.017370,,15.19%,15.19%,11.08%,5.81%,,11.0%,1.4125,1.5113,0.9346,,,,
136,SKRUSDT,70.8,12.7,12.4,1.023,"$1,490,117","$2,572,109",0.579,0.0000,2026-04-24 03:00,0.017771,2026-04-24,2026-04-24 04:00:00,5,2,2026-04-24 04:00:00,1.84,0.018170,2.25%,2026-04-24,2026-04-24 06:35:00,0.020532,2.58,-13.00%,18.6929,,21.1230,39.8159,0.0000,,,-12150.38,-12190.19,-12190.19,-12190.19,84022.26,是,中（推断20%）,中（保持20%）,stop_loss,-1.0757%,5.0,18692.89,否,,,0.019242,5.90%,5.82%,0.019518,7.42%,5.82%,0.017834,,5.82%,5.82%,5.82%,6.35%,,,1.8353,2.0807,0.8821,,,,
137,INXUSDT,59.9,5.0,7.0,0.714,"$3,302,554","$2,871,603",1.150,0.0000,2026-04-24 09:00,0.010231,2026-04-24,2026-04-24 10:00:00,3,2,2026-04-24 10:00:00,1.50,0.010183,-0.47%,2026-04-24,2026-04-24 13:05:00,0.011507,3.08,-13.00%,16.3768,,18.5057,34.8825,0.0000,,,-10644.89,-10679.77,-10679.77,-10679.77,73342.49,否,中（改成20%）,中（保持20%）,stop_loss,0.0000%,5.0,16376.75,否,,,0.010314,1.29%,3.14%,0.010014,-1.66%,3.14%,0.009314,,10.24%,10.24%,3.14%,4.27%,,,1.4956,1.4456,1.0346,,,,
138,VINEUSDT,151.3,276.0,200.7,1.375,"$1,580,131","$1,572,058",1.005,0.0000,2026-04-24 11:00,0.016620,2026-04-24,2026-04-24 12:00:00,4,3,2026-04-24 12:00:00,1.88,0.016790,1.02%,2026-04-25,2026-04-25 08:00:00,0.015780,20.0,6.02%,14.3476,,13.4845,27.8321,0.0000,,,4315.39,4287.56,4287.56,4287.56,77630.05,否,中（改成20%）,弱（12%）,force_close,0.0000%,5.0,14347.60,否,,,0.015610,-7.03%,8.64%,0.015670,-6.67%,8.76%,0.015810,,8.76%,8.76%,8.76%,1.25%,,10.0%,1.8785,2.0525,0.9152,,,,
139,AIUSDT,82.7,126.8,130.6,0.971,"$1,277,097","$1,320,277",0.967,0.0000,2026-04-24 11:00,0.018960,2026-04-24,2026-04-24 12:00:00,5,2,2026-04-24 12:00:00,3.54,0.018940,-0.11%,2026-04-25,2026-04-25 08:00:00,0.019830,20.0,-4.70%,14.3476,,15.0218,29.3694,0.0000,,,-3371.00,-3400.37,-3400.37,-3400.37,74229.67,否,中（改成20%）,弱（12%）,force_close,-0.4552%,5.0,14347.60,否,,,0.018750,-1.00%,4.28%,0.019180,1.27%,4.28%,0.019700,,4.28%,4.28%,4.28%,1.48%,,10.0%,3.5434,4.9844,0.7109,,,,
140,PUMPBTCUSDT,278.7,33.8,29.9,1.129,"$4,486,839","$4,001,517",1.121,0.0000,2026-04-24 13:00,0.031050,2026-04-24,2026-04-24 14:00:00,5,4,2026-04-24 14:00:00,2.00,0.030730,-1.03%,2026-04-24,2026-04-24 14:25:00,0.027042,0.42,12.00%,14.3476,,12.6259,26.9735,0.0000,,,8608.56,8581.58,8581.58,8581.58,82811.26,是,强（2h内默认）,强（保持30%）,take_profit,0.0368%,5.0,14347.60,否,,,0.028440,-7.45%,13.18%,0.025540,-16.89%,20.40%,0.025830,,20.40%,20.40%,13.18%,5.21%,,,1.9985,1.7382,1.1498,,,,
141,TRADOORUSDT,155.3,15.9,18.3,0.871,"$7,510,937","$8,344,798",0.900,0.0000,2026-04-24 23:00,0.856000,2026-04-25,2026-04-25 00:00:00,5,3,2026-04-25 00:00:00,2.36,0.891000,4.09%,2026-04-25,2026-04-25 01:20:00,1.006830,1.33,-13.00%,15.9587,,18.0334,33.9921,0.0000,,,-10373.17,-10407.16,-10407.16,-10407.16,72404.10,是,强（2h内默认）,强（保持30%）,stop_loss,0.3786%,5.0,15958.72,否,,,1.037000,16.39%,4.04%,1.125000,26.26%,4.04%,1.125000,,4.04%,4.04%,4.04%,19.19%,,,2.3568,1.9603,1.2023,,,,
142,RVNUSDT,96.4,234.7,116.8,2.010,"$1,900,058","$2,224,282",0.854,0.0000,2026-04-25 00:00,0.006220,2026-04-25,2026-04-25 01:00:00,5,1,2026-04-25 01:00:00,2.18,0.006180,-0.64%,2026-04-25,2026-04-25 08:00:00,0.006110,7.0,1.13%,13.9814,,13.8230,27.8044,0.0000,,,791.82,764.02,764.02,764.02,73168.12,否,中（改成20%）,中（保持20%）,force_close,-0.1847%,5.0,13981.36,否,,,0.006280,1.62%,1.29%,0.006130,-0.81%,1.78%,0.006130,,1.78%,1.78%,1.78%,1.94%,,11.0%,2.1756,2.3738,0.9165,,,,
143,BULLAUSDT,62.6,31.5,69.8,0.452,"$5,971,212","$5,059,813",1.180,0.0000,2026-04-25 03:00,0.008175,2026-04-25,2026-04-25 04:00:00,5,4,2026-04-25 04:00:00,1.96,0.008192,0.21%,2026-04-25,2026-04-25 04:30:00,0.007209,0.5,12.00%,13.9814,,12.3036,26.2850,0.0000,,,8388.82,8362.53,8362.53,8362.53,81530.65,是,强（2h内默认）,强（保持30%）,take_profit,0.0000%,5.0,13981.36,否,,,0.008244,0.63%,14.56%,0.008211,0.23%,14.56%,0.008211,,14.56%,14.56%,14.56%,2.51%,,,1.9621,1.9976,0.9822,,,,
144,GTCUSDT,34.6,36.4,41.3,0.882,"$2,417,115","$1,876,888",1.288,0.0000,2026-04-25 04:00,0.102190,2026-04-25,2026-04-25 05:00:00,5,0,2026-04-25 05:00:00,3.13,0.103160,0.95%,2026-04-25,2026-04-25 08:00:00,0.102960,3.0,0.19%,15.5702,,15.5401,31.1103,0.0000,,,150.93,119.82,119.82,119.82,81650.47,否,中（改成20%）,中（保持20%）,force_close,-0.0567%,5.0,15570.24,否,,,0.103520,0.35%,5.19%,0.101540,-1.57%,5.19%,0.101540,,5.19%,5.19%,5.19%,1.66%,,11.0%,3.1254,2.9746,1.0507,,,,
